SN,Lastname,Firstname,Gender,Height,Weight,Passport ID,Country,Job Title,Income Annual,Hobby,Car Brand
1,Woods,Olivia,F,1.74,42.3,T4648189,Hungary,Cherry Cutter,11854,Beach,-
2,Mcbride,Zachary,M,1.88,52.5,L9249367,France,"Collar Baster, Jumpbasting",14952,Bicycling,-
3,Odom,Kevin,M,1.81,62.4,665280794,Slovenia,Tree Planter,51991,Housework,Alfa Romeo
4,Ortiz,Jacob,M,1.7,48.4,A9811705,Russia,Leather Softener,42161,Housework,Chevrolet
5,Cohen,Alan,M,1.94,48.4,W9580507,Germany,Screen Printer Helper,77063,Bowling,Audi
6,Maynard,Ashley,F,1.62,50.4,B8272962,United Kingdom,Weight Analyst,99490,Hunting,General Motors
7,Cline,Vincent,M,1.74,66.6,E6260660,Lithuania,Armature Tester I,9241,Golf,-
8,Ballard,Billy,M,1.73,64.4,R8487851,Finland,"Assembler, Skylights",17724,Fishing,-
9,Perkins,Roger,M,1.83,50.2,A8114462,Latvia,Bowling-Ball Finisher,62871,Cooking,Lexus
10,Cantu,Ryan,M,1.93,82.9,568356499,Mexico,Quality-Control Tester,12826,Writing,-
11,Oneil,Mary,F,1.58,42.3,088539084,Italy,Mortgage Loan Closer,21279,Computer Games,Koenigsegg
12,Rutledge,Ashley,F,1.82,43.6,775250468,Portugal,Automotive-Tire-Testing Supervisor,15095,Traveling,-
13,Russell,Brian,M,1.82,66.2,P4725357,Estonia,Chief Load Dispatcher,32798,Boating,-
14,Zamora,Johnny,M,1.77,51.2,608754329,Italy,Security Guard,42417,Hunting,Jaguar
15,Sears,Patrick,M,1.88,51.2,851738184,Latvia,"Wildlife Agent, Regional",32068,Hiking,GMC
16,Fisher,Dorothy,F,1.52,58.3,043510167,South Korea,Wire Repairer,87036,Gardening,TATA Motors
17,Kidd,Kevin,M,1.67,71,L4655529,Spain,Greaser,22220,Sewing,McLaren
18,Bryant,Maria,F,1.54,42.3,L2429684,Sweden,Progress Clerk,46340,Eating Out,Ram
19,Mosley,Rose,F,1.6,42.3,128869400,South Korea,Safe-And-Vault Service Mechanic,169167,Hunting,Honda
20,Coffey,Joan,F,1.51,42.3,U9103321,Spain,"Laborer, Concrete Plant",19813,Walking,-
21,Huber,Melissa,F,1.49,51.7,P2256019,Slovakia,Plastics Worker,26147,Fishing,Alfa Romeo
22,Keller,Wayne,M,1.72,67.3,699199572,Portugal,"Model Maker, Firearms",87113,Running,Jaguar
23,Hull,Jesse,M,1.94,51.9,364721393,Austria,Blocker Ii,34875,Animal Care,Pagani
24,Greer,George,M,1.74,64.9,Q7274644,Germany,Interpreter,134440,Boating,Jeep
25,Barrett,Jacob,M,1.94,48.4,527485434,South Korea,"Assembler, Electrical Accessories I",21767,Working on Cars,Toyota
26,Larsen,Kathryn,F,1.49,48.3,T2401692,India,Graduate Assistant,17461,Watching Sports,-
27,Bruce,Alexis,F,1.75,42.3,342445601,Belgium,Shoe Coverer,26935,Crafts,-
28,Wallace,Christine,F,1.54,52.3,083376077,United Kingdom,Push-Connector Assembler,12660,Bowling,-
29,Diaz,Frank,M,1.94,60.8,I6467549,Croatia,"Supervisor, Fitting",72356,Bicycling,-
30,Porter,Alan,M,1.79,53.6,765934879,India,Welding Technician,91325,Watching TV,Volkswagen
31,Henson,Stephen,M,1.52,59.8,E7173559,Argentina,Glass-Bulb Silverer,35888,Watching Sports,-
32,Prince,Larry,M,1.61,49.8,A7731730,Spain,"Station Engineer, Main Line",17834,Housework,-
33,Ryan,Keith,M,1.9,57,D5679631,Slovakia,Petroleum Engineer,43184,Listening to Music,BMW
34,Nielsen,Abigail,F,1.68,42.3,114858462,Netherlands,Copy Holder,32981,Reading,Tesla
35,Chang,Joyce,F,1.43,42.3,571374414,India,Chinchilla-Machine Operator,22547,Beach,Jaguar
36,King,Linda,F,1.75,42.3,B9426335,Singapore,Merchandising Associate,43889,Sleeping,Geely
37,Eaton,Alexander,M,1.92,82.4,S6649969,United Kingdom,Push-Connector Assembler,15304,Golf,-
38,Higgins,Henry,M,1.94,48.4,Y4073683,Greece,Stone Trimmer,63946,Skiing,Subaru
39,Meyers,Joe,M,1.94,69.9,I6250924,Greece,House Sitter,9357,Hunting,-
40,Davenport,Lauren,F,1.63,42.3,B5746886,Sweden,Kiln Worker,53683,Camping,Jeep
41,Fuentes,Aaron,M,1.55,56.9,242104303,Lithuania,"Cutting-Machine Tender, Decorative",19654,Playing Cards,-
42,Foreman,Bobby,M,1.52,48.4,779922163,Indonesia,Oxidized-Finish Plater,9453,Animal Care,-
43,Rice,Jack,M,1.84,84.6,144844064,Latvia,Electrical-Equipment Tester,58740,Gardening,Renault
44,Lindsay,Douglas,M,1.94,48.4,E7992261,Italy,"Supervisor, Mixing Place",19780,Painting,-
45,Dominguez,Anthony,M,1.91,75.3,216737565,Mexico,Hospital-Insurance Representative,13445,Cooking,-
46,Nash,Russell,M,1.52,64.5,A4498890,Cyprus,Mechanical-Maintenance Supervisor,25238,Gardening,-
47,Acosta,Steven,M,1.64,48.4,T4821330,Cyprus,Monument Setter,12711,Going to Movies,-
48,Haney,Nathan,M,1.94,64.5,872322384,Portugal,"Splitter, Machine",21984,Gardening,Peugeot
49,Berger,Anna,F,1.69,42.3,620723406,Portugal,"Dietitian, Consultant",16434,Horseback Riding,-
50,Washington,Victoria,F,1.66,44,B3487637,Germany,"Drafter, Marine",34530,Computer Games,Ram
51,Gilmore,Deborah,F,1.66,64.4,G7207500,Germany,Transformer-Stock Clerk,67110,Bicycling,Pagani
52,Ratliff,Kenneth,M,1.62,56.5,I6112114,Bulgaria,Fireworks Assembler,47410,Fishing,Subaru
53,Marshall,Alexander,M,1.64,51.6,351010824,Australia,Hydraulic-Chair Assembler,16314,Computer Games,-
54,Rios,Judy,F,1.39,51.3,U7711244,Latvia,Hydrographer,27409,Hunting,-
55,Barnes,Mary,F,1.49,42.3,A1446880,Egypt,Target Aircraft Technician,119009,Hunting,Ferrari
56,Bowers,Bryan,M,1.94,70.2,I7764942,Slovakia,Tobacco Curer,19120,Exercise,-
57,Hopper,Dennis,M,1.66,67.5,X1479963,France,Flying-Shear Operator,89370,Sleeping,Ford
58,Peck,Joyce,F,1.64,42.3,P7353056,Saudi Arabia,"Order Dispatcher, Chief",18679,Going to Movies,-
59,Walter,Brian,M,1.94,51.8,W9157178,Russia,Clinical Sociologist,20937,Gardening,-
60,Padilla,Daniel,M,1.71,56,664816802,Netherlands,Officer,11118,Team Sports,-
61,Head,Stephen,M,1.94,64.6,S1020731,Luxembourg,Classifier Operator,13517,Going to Movies,-
62,Callahan,Keith,M,1.78,61.9,265806099,Mexico,Compressed-Gas-Plant Worker,72527,Skiing,-
63,Ashley,Douglas,M,1.8,50.4,K2523101,Australia,"Machine Repairer, Maintenance",112979,Painting,Alfa Romeo
64,Duffy,Joyce,F,1.5,47.9,J4954769,Russia,Veneer Redrier,10670,Watching TV,-
65,Jacobson,Debra,F,1.44,47.8,Y5365009,Australia,Table Worker,151808,Camping,Geely
66,Obrien,Andrea,F,1.54,45.7,D5864732,Netherlands,Panel Maker,33262,Watching TV,Toyota
67,Gardner,Gabriel,M,1.78,51,755990737,Poland,Rotary-Cutter Operator,48355,Listening to Music,McLaren
68,Berry,Dorothy,F,1.43,49.6,W2617688,Canada,Electrical-Appliance Preparer,96931,Animal Care,-
69,Dorsey,Adam,M,1.94,61.8,B1870674,Spain,Tank Calibrator,26577,Family Time,-
70,Gutierrez,Natalie,F,1.48,43.5,462688489,Brazil,Taxi Driver,30017,Playing Cards,Dodge
71,Parks,Douglas,M,1.86,74.2,Q9391988,Germany,Matting-Press Tender,90638,Swimming,Buick
72,Merritt,Carl,M,1.83,48.4,O6946076,Argentina,"Painter, Panel Edge",29050,Golf,Mazda
73,Pittman,Christina,F,1.47,44.2,G6419389,Poland,Venetian-Blind Assembler,12171,Going to Movies,-
74,Lucas,Brian,M,1.74,78.3,375313336,Poland,Cable Installer-Repairer,49860,Gardening,-
75,Fitzpatrick,Sean,M,1.91,48.4,P5616651,Malta,"Farmworker, Grain Ii",47787,Theater,General Motors
76,Mccall,Eugene,M,1.94,89.1,V0468183,Slovakia,"Painter, Electrostatic",12576,Team Sports,-
77,Graham,Charles,M,1.92,70,634405825,Italy,Polisher,8011,Painting,-
78,Warren,George,M,1.91,58,V1618946,Finland,Manufacturer'S Representative,40572,Eating Out,Renault
79,Robinson,Tyler,M,1.92,65.1,134754572,Italy,"Sales Representative, Door-To-Door",37152,Watching Sports,-
80,Wells,Steven,M,1.83,67.7,Z6524832,Finland,Cargo Agent,59098,Cooking,General Motors
81,Phelps,Philip,M,1.94,65.5,635703014,Portugal,"Inspector, Aluminum Boat",17793,Walking,-
82,Fernandez,Jason,M,1.81,48.4,L8319584,Mexico,Bottom Filler,22123,Relaxing,Rolls Royce
83,Rosales,Mark,M,1.94,89.6,399083638,Germany,Mica-Plate Layer,31029,Boating,Chevrolet
84,Sanchez,John,M,1.79,55.1,389281771,Slovakia,Chief People Officer,22635,Bicycling,-
85,Morin,Shirley,F,1.79,53.2,C1476345,Romania,Keno Writer,36790,Housework,Toyota
86,Maynard,Donald,M,1.83,48.4,836357969,Netherlands,Ribbon Winder,29653,Dancing,-
87,Dodson,Ethan,M,1.84,48.4,N7600341,Italy,Handle Maker,56614,Playing Music,Volkswagen
88,West,James,M,1.89,59.9,P9604276,United States of America,Nozzle-And-Sleeve Worker,46057,Skiing,Fiat
89,Skinner,Patricia,F,1.7,44.3,K9551542,Netherlands,Personal Shopper,6524,Hiking,-
90,Emerson,Heather,F,1.6,42.3,S0180428,Cyprus,"Investigator, Internal Affairs",17237,Exercise,-
91,Sullivan,Patricia,F,1.71,42.7,N3418935,Russia,Credit Authorizer,17976,Painting,-
92,Welch,Jeremy,M,1.61,68.2,I5398685,Russia,Bolter Helper,18595,Hiking,-
93,Hampton,Michael,M,1.94,48.4,F6541898,Japan,Grant Writer,35518,Family Time,Lexus
94,Gordon,Madison,F,1.7,45.4,O4459731,Belgium,Crutcher Helper,130098,Family Time,-
95,Edwards,Daniel,M,1.73,51.9,I9345981,Luxembourg,Color Tester,70799,Watching TV,Bugatti
96,Riley,Denise,F,1.54,42.3,W8823070,Brazil,Knitting-Machine Operator Helper,164688,Fishing,TATA Motors
97,Leon,Kimberly,F,1.46,44,A4050555,Latvia,Parlor Chaperone,7404,Traveling,-
98,Langley,Jesse,M,1.94,60.1,E4214988,Estonia,Window Repairer,65059,Sewing,McLaren
99,Moore,Diane,F,1.67,42.3,636286501,Senegal,Engraver Ii,131611,Running,Rolls Royce
100,Potts,Kathleen,F,1.78,43.4,F3352141,Italy,Piano Case And Bench Assembler,59852,Going to Movies,Chevrolet
101,Boone,Stephanie,F,1.39,56.1,H0918268,Luxembourg,Founder,21979,Traveling,Jaguar
102,Robles,Joan,F,1.66,45.7,S1507904,Belgium,"Sales Representative, Textile Machinery",41794,Entertaining,Chrysler
103,Wood,Adam,M,1.62,59,271557906,Germany,Mounter Ii,45492,Housework,-
104,Simmons,Janet,F,1.56,46.2,237108108,Malta,Button-Sewing-Machine Operator,46739,Cooking,Volkswagen
105,Barber,Gregory,M,1.8,55.4,T7882921,Italy,Screen Printer,11831,Reading,-
106,Elliott,Natalie,F,1.57,45,870172254,Saudi Arabia,Pharmaceutical Detailer,44344,Going to Movies,Saab
107,Gilbert,Dennis,M,1.94,60.8,F4477591,Malta,Silica-Filter Operator,35999,Family Time,Bentley
108,Glenn,Martha,F,1.68,51.1,T3853905,Croatia,Skip Tracer,108837,Watching TV,-
109,Nash,James,M,1.52,81.4,311597979,Brazil,Saw Setter,43179,Family Time,Fiat
110,Bonner,Natalie,F,1.4,42.3,S1262514,Croatia,"Supervisor, Scrap Preparation",12594,Entertaining,-
111,Weber,Shirley,F,1.43,44,848682952,Czechia,"Nurse, Staff, Community Health",49055,Working on Cars,Honda
112,Adams,Gloria,F,1.41,45.3,203359455,Germany,Dog Groomer,53611,Boating,Chrysler
113,Barrera,Christian,M,1.94,59.6,U7884283,Argentina,"Engraver, Pantograph Ii",22563,Camping,Renault
114,Lindsey,Jessica,F,1.67,54.8,162521086,Japan,Frame Straightener,34207,Theater,Buick
115,Schwartz,Jerry,M,1.78,48.4,730282750,Ireland,Fitter Helper,23783,Dancing,Pagani
116,Dodson,Ruth,F,1.8,49.7,799836700,Canada,Battery Inspector,62831,Running,Acura
117,Langley,Betty,F,1.74,42.3,J8902713,Vietnam,Collet Driller,11105,Hiking,-
118,Pugh,Eric,M,1.94,48.4,L7533978,United States of America,Tank Builder And Erector,25920,Eating Out,Infiniti
119,Quinn,Steven,M,1.94,58.2,B4285221,South Korea,"Supervisor, Aircraft Maintenance",36596,Hiking,Ford
120,Wolfe,Megan,F,1.52,42.3,P7476935,Russia,Mop-Handle Assembler,91306,Socializing,Infiniti
121,Richardson,Daniel,M,1.78,52.9,788111384,Spain,Tool-Crib Attendant,65048,Entertaining,Porsche
122,Mckinney,Alexander,M,1.62,57.2,H0484014,Slovenia,"Etcher, Machine",18769,Listening to Music,-
123,Rosa,Maria,F,1.52,52.3,K0890287,Russia,"Finisher, Machine",65458,Walking,-
124,Gonzales,Janet,F,1.58,42.3,O9441390,Saudi Arabia,"Welder Apprentice, Gas",82295,Animal Care,-
125,Martinez,Sean,M,1.87,64.6,Q5992954,Portugal,Nuclear Medicine Technologist,58368,Sleeping,Rolls Royce
126,Buchanan,Joyce,F,1.39,42.3,O3072052,Mexico,Thread-Pulling-Machine Attendant,29309,Bowling,Ford
127,Abbott,Emma,F,1.66,47.2,U6226737,Cyprus,Tire Mounter,7196,Animal Care,-
128,Gilliam,Rebecca,F,1.73,51.9,B6419996,Ireland,Sheep Herder,7545,Family Time,-
129,Stevenson,Henry,M,1.87,71.2,762745157,Lithuania,Overhauler,26136,Cooking,-
130,Dunlap,Victoria,F,1.56,51.5,400916692,Czechia,Snailer,98717,Beach,Chevrolet
131,Valenzuela,Abigail,F,1.58,45.9,P7124169,Slovakia,Screen Cleaner,69328,Listening to Music,Koenigsegg
132,Greene,Diane,F,1.58,42.3,156677931,Hungary,Store Manager,42746,Animal Care,-
133,Hernandez,Randy,M,1.94,63.5,244051677,South Africa,Fertilizer Mixer,11934,Tennis,-
134,Cannon,Christina,F,1.77,43.8,W3557456,Netherlands,Retort Unloader,59685,Beach,Pagani
135,Hunter,Judith,F,1.77,42.3,595949129,United Kingdom,Mold Preparer,37802,Skiing,-
136,Santana,Victoria,F,1.8,55.6,234017659,Russia,"Director, Casting",163194,Golf,Kia
137,Rhodes,Adam,M,1.68,54.4,B2417154,France,Shuttle Fixer,9286,Animal Care,-
138,Sherman,Brittany,F,1.76,45.1,X7812349,Germany,Truer,29253,Running,Infiniti
139,Irwin,Kathleen,F,1.57,43.1,L5681323,Germany,Slipcover Cutter,23517,Entertaining,Audi
140,Barr,Angela,F,1.51,45.7,L3240143,Belgium,"Assembler And Wirer, Industrial Equipment",22594,Going to Movies,-
141,Jenkins,Roger,M,1.94,77.7,672010555,Germany,Spice Fumigator,115269,Tennis,Lamborghini
142,Gonzales,Gregory,M,1.85,49.1,G1203392,Greece,Tie-Up Worker,51706,Sleeping,Dodge
143,Strong,Katherine,F,1.82,43.2,444590203,Canada,Counterintelligence Agent,50106,Playing Cards,Jeep
144,Pugh,Donna,F,1.78,47.4,584077517,Turkey,Automatic-Door Mechanic,11529,Skiing,-
145,Gillespie,Roy,M,1.85,67.5,101200905,Netherlands,Belt-Builder Helper,37083,Animal Care,TATA Motors
146,Riddle,Kelly,F,1.63,42.3,399285222,Estonia,Glass-Rolling-Machine Operator,21574,Boating,GMC
147,Hinton,Sharon,F,1.8,44.9,V2200541,Slovenia,Wire-Frame-Lamp-Shade Maker,42235,Computer Games,Ram
148,Knapp,Emily,F,1.39,44.2,U9629974,Saudi Arabia,Die-Maker Apprentice,33709,Exercise,-
149,Rhodes,Danielle,F,1.4,55.2,S4402086,Germany,"Sealer, Semiconductor Packages",24021,Dancing,Suzuki
150,Dudley,Stephen,M,1.52,48.4,492145868,Netherlands,Lay-Out Worker Ii,64935,Playing Music,TATA Motors
151,Berry,Gloria,F,1.53,42.3,U2839014,Japan,Bullet-Assembly-Press Setter-Operator,22790,Gardening,Hyundai
152,Shepard,Catherine,F,1.6,56.2,K1819630,Italy,Tire-Regrooving-Machine Operator,52613,Walking,Honda
153,Rodriguez,William,M,1.8,48.4,249285855,China,Field-Service Engineer,145225,Tennis,Nissan
154,Burgess,Jesse,M,1.94,71.2,656742559,Turkey,Garnett-Machine Operator,134161,Walking,Mercedes-Benz
155,Grant,Sara,F,1.45,42.3,104062250,Germany,Bottling-Line Attendant,12381,Golf,-
156,Lamb,Virginia,F,1.55,45.8,D2496608,France,"Launderer, Hand",53287,Traveling,Chrysler
157,Stanton,Amanda,F,1.78,45.8,141570835,Luxembourg,"Baker, Pizza",17170,Reading,-
158,Dillon,Kathryn,F,1.8,46.4,K0577781,Lithuania,Paper-Reel Operator,51914,Motorcycling,Tesla
159,Cunningham,Randy,M,1.83,73.6,578874795,Argentina,Plastic-Top Assembler,31790,Computer Games,McLaren
160,Yang,Anthony,M,1.83,77.3,247169272,France,"Supervisor, Hide House",13900,Painting,-
161,Mckee,Cynthia,F,1.68,42.3,Q0603043,Egypt,"Sander, Portable Machine",85971,Swimming,-
162,Collins,Tyler,M,1.68,75.9,627732468,Chile,"Mold Maker, Terra Cotta",34434,Watching Sports,-
163,Curry,Judith,F,1.8,42.3,E3207744,Netherlands,"Supervisor, Tufting",25439,Sleeping,-
164,Lyons,Jeremy,M,1.86,55.8,418697625,United Kingdom,Delineator,122866,Boating,-
165,Suarez,Rachel,F,1.64,53.1,W5186523,Germany,Fish And Game Warden,43295,Working on Cars,Dodge
166,Pena,Tyler,M,1.89,73.6,692667319,Finland,Card Tender,82347,Housework,Ford
167,Collins,Sandra,F,1.42,53.8,D7113379,India,Battery Loader,21892,Traveling,Jaguar
168,Kidd,Bruce,M,1.94,63.3,J6888654,Estonia,Nail-Assembly-Machine Operator,18926,Working on Cars,-
169,Holt,Emily,F,1.75,50.1,H3564200,Finland,Transfer-Machine Operator,30114,Skiing,Alfa Romeo
170,Pate,Joyce,F,1.61,42.3,O7821448,South Korea,Buckshot-Swage Operator,46357,Working on Cars,Mercedes-Benz
171,Wilder,Brandon,M,1.94,63.9,Q9839541,Germany,Press Operator Ii,31435,Watching Sports,Porsche
172,Gay,Carolyn,F,1.58,42.3,G2375371,Argentina,Finisher-Card Tender,77440,Bicycling,-
173,Watkins,Sharon,F,1.45,48.9,146516913,France,Dredge Operator,14219,Beach,-
174,Rhodes,Sophia,F,1.39,51.9,D1283325,Saudi Arabia,Radiological-Equipment Specialist,43995,Hunting,Alfa Romeo
175,Chan,Jerry,M,1.79,48.4,756826843,United States of America,Radio Mechanic,24642,Playing Music,Geely
176,Atkinson,Angela,F,1.45,42.3,726555945,Australia,Philologist,20624,Eating Out,Citroen
177,Haley,Bruce,M,1.52,48.4,J2062417,Denmark,Dispatcher Clerk,34632,Traveling,-
178,Rodgers,Jesse,M,1.84,50.7,Q6232599,South Korea,"Salesperson, Wigs",19034,Skiing,-
179,Cortez,Louis,M,1.87,70.3,Q6126207,France,Winding-Machine Operator,37998,Writing,Honda
180,Rivers,Ralph,M,1.78,48.4,328147721,Mexico,Bone-Char Kiln Operator,42738,Entertaining,Rolls Royce
181,Buckner,John,M,1.73,75.8,861622894,Austria,Manual-Arts Therapist,17624,Dancing,-
182,Gilbert,Michelle,F,1.53,43.5,M9682628,Finland,Quiller Operator,114210,Shopping,Ferrari
183,Pope,Sarah,F,1.51,52.3,B9312505,Finland,Tire Recapper,32104,Motorcycling,Dodge
184,Wolf,Doris,F,1.68,42.3,223931906,Slovenia,"Supervisor, Vine-Fruit Farming",8100,Sleeping,-
185,Dominguez,Harold,M,1.66,48.4,D6920842,South Korea,Electric Motor Repairing Supervisor,88310,Crafts,-
186,Harper,Abigail,F,1.61,46,D4316387,Canada,Barrel Repairer,9342,Relaxing,-
187,Dean,Scott,M,1.83,65.6,210216212,Greece,"Lawyer, Admiralty",68978,Gardening,-
188,Mcpherson,Jennifer,F,1.74,43.1,U9144084,Spain,Sealing-And-Canceling-Machine Operator,16246,Horseback Riding,-
189,Hull,Jack,M,1.76,71.1,T9675705,Hungary,"Supervisor, Real-Estate Office",37789,Writing,General Motors
190,Stark,Lauren,F,1.39,42.3,U5906301,Ireland,"Sales Representative, Audiovisual Program Productions",28067,Boating,-
191,Sweet,Jean,F,1.39,50.1,Y6733984,Portugal,Fish Smoker,151491,Animal Care,Ford
192,Blanchard,Noah,M,1.69,50,M7565988,Luxembourg,Pulp-Press Tender,16498,Reading,-
193,Prince,Philip,M,1.86,81.9,256419962,Romania,Show-Horse Driver,57046,Sewing,Cadillac
194,Stafford,Brittany,F,1.39,46.6,R4940336,Spain,Proof-Technician Helper,11506,Playing Cards,-
195,Norton,Eugene,M,1.62,73.1,U2068942,Denmark,Cantor,75628,Socializing,Maserati
196,Navarro,Nicholas,M,1.94,48.4,D8356010,Argentina,Phonograph-Cartridge Assembler,127303,Family Time,-
197,Huber,Walter,M,1.53,58.9,M3068598,Romania,"Knife Setter, Grinder Machine",12454,Running,-
198,Woodard,Larry,M,1.67,48.4,R7808004,Sweden,Sweatband Separator,11359,Crafts,-
199,Villarreal,Kathleen,F,1.39,54.2,E0322512,Croatia,Mat Packer,62520,Walking,Honda
200,Bell,Laura,F,1.7,44.7,T1683311,Belgium,"Drawer-In, Stitch-Bonding Machine",20045,Painting,Mini
201,Maldonado,Douglas,M,1.79,56.5,299786636,United Kingdom,"Supervisor, Sugar Refinery",11246,Going to Movies,-
202,Hoover,Henry,M,1.86,61.1,P7597195,Slovenia,"Model Maker, Fiberglass",26213,Dancing,Porsche
203,Henry,Gary,M,1.79,49.4,M5616923,Ireland,Gas-Engine Operator,143723,Watching TV,BMW
204,Hampton,Gary,M,1.82,49.1,J0885912,Latvia,"Supervisor, Shuttle Veneering",10339,Team Sports,-
205,Blanchard,Kimberly,F,1.79,42.3,U4218422,Egypt,"Packer, Insulation",7992,Swimming,-
206,Talley,Dylan,M,1.7,59.5,X7182340,Lithuania,"Manager, Utility Sales And Service",109446,Family Time,-
207,Bush,Dylan,M,1.6,48.4,742990658,Italy,Feed Mixer,98486,Computer Games,Honda
208,Acosta,Olivia,F,1.58,50.4,788974565,China,Slip-Cover Sewer,33866,Listening to Music,-
209,Sykes,Donna,F,1.79,47.4,539361095,Sweden,Health-Equipment Servicer,50344,Theater,Peugeot
210,Mcguire,Cynthia,F,1.39,46,Z1691961,Sweden,Senior Reservations Agent,18694,Playing Music,-
211,Hale,Kathleen,F,1.7,53.9,M3958266,Czechia,Valve Grinder,10005,Watching TV,-
212,Solis,Randy,M,1.75,84.1,379742393,Sweden,Operations Professional,47690,Walking,Kia
213,Stone,Gabriel,M,1.84,68,W2215263,Japan,Toll Collector,15255,Gardening,-
214,Frederick,Sara,F,1.68,49.2,783608788,South Korea,Community Volunteer Jobs,48997,Dancing,BMW
215,Randall,Wayne,M,1.91,48.4,C4807745,Turkey,"Mixer, Chili Powder",148736,Hunting,Hyundai
216,Good,Joe,M,1.61,51.5,A5184488,Romania,Vamp Creaser,22421,Beach,Mini
217,Larson,Nicole,F,1.6,42.3,M8534617,Vietnam,Blocker Ii,30313,Crafts,Renault
218,Steele,Julie,F,1.63,52.6,090948399,Spain,Sewer-Line Repairer,60803,Tennis,-
219,Atkins,Rose,F,1.66,61.7,P5633439,Croatia,Botanist,21848,Fishing,Audi
220,Coleman,Sara,F,1.75,53.3,Z1438779,Malta,Power-Barker Operator,10658,Running,-
221,Hudson,Ryan,M,1.79,68.8,Z0152078,Singapore,Tapper Supervisor,60023,Painting,Fiat
222,Yates,Jack,M,1.58,48.4,460808740,Latvia,"Farmer, Fruit Crops, Bush And Vine",45258,Golf,Jaguar
223,Shaw,Nancy,F,1.72,45,H2860864,Italy,Election Clerk,17305,Fishing,-
224,Pollard,Kimberly,F,1.44,45.2,836757421,Ireland,"Executive Producer, Promos",19508,Beach,-
225,Baker,Alice,F,1.73,42.3,014692733,Spain,Special Effects Specialist,67862,Family Time,-
226,Mccoy,Nancy,F,1.48,42.3,568739994,Austria,"Inspector, Crystal",37170,Theater,Citroen
227,Skinner,Megan,F,1.75,44.5,R8548929,Italy,Case-Making-Machine Operator,20173,Hiking,Mercedes-Benz
228,Mcdonald,Hannah,F,1.62,47,H3161541,Vietnam,Cleat Feeder,28909,Eating Out,-
229,Rodriquez,Grace,F,1.82,55.6,E8629397,Romania,Heading-Machine Operator,72493,Computer Games,-
230,Rivera,Angela,F,1.51,64.5,S6854477,Canada,Spring Fitter,27694,Socializing,-
231,Shepard,Gerald,M,1.74,62.9,M3746875,Belgium,"Supervisor, Instant Potato Processing",32034,Horseback Riding,-
232,Gilmore,Frank,M,1.93,77.5,685750062,Spain,Cover Stripper,22224,Golf,-
233,Cantrell,Elizabeth,F,1.49,43.8,397314476,China,Grizzly Worker,11313,Hunting,-
234,Crosby,Timothy,M,1.89,73.6,W1816593,Finland,C.O.D. Clerk,43801,Housework,-
235,Downs,Maria,F,1.39,47.2,027908580,Netherlands,"Supervisor, Fitting",30566,Fishing,-
236,Donaldson,Christina,F,1.61,52.4,J2372480,Japan,Tip-Out Worker,62794,Housework,Mini
237,Sullivan,Walter,M,1.74,62.7,330531691,Slovakia,Hook Tender,10317,Bowling,-
238,Montoya,Brian,M,1.85,67.9,E7583240,Turkey,"Heel Sprayer, Machine",57329,Sleeping,Lexus
239,Castaneda,Ralph,M,1.72,53.5,H7809013,Greece,Vacuum-Pan Operator Iii,8822,Billiards,-
240,Fletcher,Jordan,M,1.94,79.7,801285837,Egypt,"Executive Producer, Promos",76604,Motorcycling,-
241,Chandler,Gerald,M,1.9,59.9,028067659,Singapore,Put-In-Beat Adjuster,34164,Hunting,-
242,Marshall,Laura,F,1.39,49.1,672713407,United Kingdom,Nitroglycerin Supervisor,26144,Painting,Acura
243,Griffin,Deborah,F,1.55,45.8,100375460,Poland,Crystallographer,12152,Swimming,-
244,Monroe,Randy,M,1.8,59.8,T5354664,Cyprus,Print-Line Operator,16891,Cooking,-
245,Butler,Roger,M,1.94,72.9,269565847,Cyprus,Circus Laborer,14274,Playing Music,-
246,Gordon,Shirley,F,1.56,42.4,Q6321202,France,"Grinder Operator, Tool",7091,Crafts,-
247,Hicks,Keith,M,1.59,64.8,718168342,Japan,Cruise Ship Attendant,27150,Painting,Subaru
248,Sanchez,Samantha,F,1.56,42.3,085080120,Vietnam,"Repairer, Art Objects",14205,Bicycling,-
249,Mcpherson,Sharon,F,1.64,54.8,327183380,Lithuania,"Exerciser, Horse",18569,Hunting,-
250,Mccarty,Billy,M,1.77,80.6,422628672,India,Cover Inspector,26640,Writing,Chrysler
251,Saunders,Beverly,F,1.5,42.3,X1566556,South Africa,Veneer-Taping-Machine Offbearer,68214,Watching TV,Audi
252,Ayala,Kyle,M,1.52,48.4,438107374,Spain,Inner-Tube Inserter,27499,Horseback Riding,-
253,Hahn,Nicholas,M,1.76,58.5,H1969783,Denmark,"Supervisor, Plastering",56425,Relaxing,Chevrolet
254,Stevenson,Andrea,F,1.39,54.3,544956944,Romania,Parking Lot Signaler,41840,Dancing,-
255,Curry,Carl,M,1.52,57.3,E0694930,Italy,"Supervisor, Slate Splitting",12435,Beach,-
256,Pollard,Larry,M,1.82,59,G5510780,Saudi Arabia,Ventilation Equipment Tender,35785,Going to Movies,Suzuki
257,York,Gregory,M,1.94,66.2,216842078,France,Slicing-Machine Operator,97176,Theater,Porsche
258,Mcfadden,Edward,M,1.86,64.4,C0423891,Estonia,Hydro-Pneumatic Tester,14932,Watching Sports,-
259,Woodard,Carolyn,F,1.82,52.8,C1001029,Hungary,Lens Inserter,21219,Billiards,Mini
260,Bishop,Gloria,F,1.74,51.7,B3588340,Argentina,"Supervisor, Brine",13841,Swimming,-
261,Jarvis,Joshua,M,1.83,73.7,548629096,Slovakia,Diver Pumper,80288,Walking,Suzuki
262,Clements,Larry,M,1.68,48.4,T6151612,Belgium,"Brim Ironer, Hand",58334,Dancing,Suzuki
263,Alvarez,Logan,M,1.91,48.4,567807485,Japan,"Inspector, Filter Tip",35774,Tennis,-
264,Rasmussen,Lori,F,1.82,49.9,T2204193,India,Duct Maker,32298,Crafts,Mazda
265,Guy,Karen,F,1.61,45.9,R4855118,Chile,"Repairer, Pens And Pencils",52203,Hiking,Porsche
266,Sutton,Russell,M,1.9,61.5,P2507238,Bulgaria,"Supervisor, Advertising-Material Distributors",42674,Traveling,Honda
267,Estes,Madison,F,1.76,42.3,800329757,Greece,"Drafter, Structural",20324,Hunting,-
268,Maynard,Gregory,M,1.94,57.7,459996748,Poland,Bookkeeper,23673,Skiing,-
269,Macias,Noah,M,1.94,48.4,S6869585,Vietnam,"Repairer, General",98221,Computer Games,Ferrari
270,Reed,Megan,F,1.56,42.9,455440682,United States of America,"Salesperson, Stamps Or Coins",35512,Housework,-
271,Haley,Ronald,M,1.83,53.4,V5444383,Australia,"Supervisor, Terrazzo",60315,Listening to Music,-
272,Lindsey,Stephanie,F,1.39,42.3,096904504,South Korea,Rice Cleaning Machine Tender,132893,Golf,Mercedes-Benz
273,Gordon,Virginia,F,1.7,48.6,I3728887,Estonia,"Upholsterer, Inside",100572,Bicycling,McLaren
274,Patel,Carol,F,1.73,42.9,O2023092,Germany,"Supervisor, Byproducts",89766,Cooking,-
275,Gallagher,Arthur,M,1.82,68.4,448439956,Netherlands,Insulation-Power-Unit Tender,38674,Crafts,-
276,Leon,Ronald,M,1.91,57.9,L0764696,Netherlands,Senior Reservations Agent,15321,Socializing,-
277,Kent,Julie,F,1.6,42.5,E9089156,Germany,Electrical Assembler,25433,Watching TV,Lexus
278,Kelley,Gabriel,M,1.94,81.8,O9193164,Cyprus,"Core Layer, Plywood Layup Line",47784,Beach,Ford
279,Shepherd,Dorothy,F,1.63,55.7,J6974853,Finland,"Loan Interviewer, Mortgage",51191,Relaxing,Chrysler
280,Leach,William,M,1.54,57.4,Y8815164,Indonesia,"Shirring-Machine Operator, Automatic",35286,Golf,GMC
281,Ashley,Sharon,F,1.53,46.8,K3836529,Sweden,Potato-Chip Sorter,16957,Writing,-
282,Erickson,Roger,M,1.73,68.9,733636771,Germany,House-Mover Supervisor,46978,Billiards,Audi
283,Marsh,Robert,M,1.94,67.5,385361949,Ireland,"Machinist Apprentice, Wood",45431,Reading,-
284,Douglas,Kenneth,M,1.85,62.8,C8411958,Slovakia,Power-Screwdriver Operator,50407,Cooking,Fiat
285,Boone,Stephanie,F,1.75,42.3,158551989,Estonia,Sulfate Drier-Machine Operator,203498,Team Sports,-
286,Bowen,Christina,F,1.69,48.5,792474402,Spain,Polysilicon Preparation Worker,49098,Socializing,Mini
287,Rivera,Charles,M,1.63,55.8,G2998853,Egypt,"Supervisor, Canal-Equipment Maintenance",80895,Swimming,Bugatti
288,Maxwell,Mark,M,1.93,48.4,L0218152,Mexico,Credit Card Control Clerk,123525,Shopping,-
289,Watkins,Brenda,F,1.76,42.3,165091066,Germany,"Drafter, Castings",35699,Crafts,Buick
290,Finley,Alan,M,1.78,48.4,Q1756071,Chile,"Police Captain, Precinct",13392,Boating,-
291,Mayer,Denise,F,1.82,45,X8975973,Italy,Cloth-Finishing-Range Operator,22256,Animal Care,-
292,Byers,Elizabeth,F,1.82,42.3,Q9349454,Singapore,Worm Picker,9235,Listening to Music,-
293,Vaughan,Sara,F,1.48,48.2,756427171,Hungary,Financial Analyst,11146,Playing Cards,-
294,Solomon,Christina,F,1.62,42.9,565887126,Canada,"Molder, Toilet Products",104872,Camping,-
295,Casey,Brian,M,1.52,48.4,E1730961,Lithuania,Spinner,52112,Hunting,-
296,Matthews,Katherine,F,1.53,49.2,F5678601,Senegal,"Tester, Convertible Sofa Bedspring",43472,Housework,-
297,Richardson,Bruce,M,1.94,53.4,L0596536,Cyprus,Winch Driver,157900,Tennis,-
298,Owens,Matthew,M,1.94,59.6,240900367,Japan,Harbor Master,17266,Horseback Riding,-
299,Knapp,William,M,1.84,61.6,787301270,Turkey,Singing Messenger,54645,Gardening,-
300,Coffey,Heather,F,1.68,43.7,O2120823,Germany,Harvester Operator,30658,Watching Sports,-
301,Simpson,Zachary,M,1.72,79.8,P4339998,Ireland,Setter,179744,Eating Out,Saab
302,Burris,Natalie,F,1.76,42.3,W5484779,Estonia,Artificial Intelligence Engineer,23408,Crafts,-
303,Woods,Marilyn,F,1.63,45,K9592962,Greece,Space Scheduler,61687,Camping,-
304,Humphrey,Eugene,M,1.52,71.7,J2936362,Austria,Pony Edger,42967,Writing,-
305,Sparks,Benjamin,M,1.64,53.4,389962209,Czechia,Welt Beater,73620,Walking,Saab
306,Parrish,Donna,F,1.52,50.1,Z8039230,Romania,"Shift Supervisor, Film Processing",109242,Skiing,Mitsubishi
307,Hancock,Joshua,M,1.94,95.5,T7582646,Netherlands,"Packager, Head",8843,Sleeping,-
308,Christian,Dylan,M,1.94,58.5,743620519,Romania,Ticket Puller,7432,Tennis,-
309,Klein,Doris,F,1.64,42.3,686215620,Vietnam,Floral Designer,69985,Eating Out,Kia
310,Santana,Brandon,M,1.74,66.7,341925519,United States of America,Barrel Rifler,8930,Family Time,-
311,Massey,Lori,F,1.79,49.8,521143404,Senegal,Plastic Tool Maker,76041,Golf,Chrysler
312,Mejia,Julia,F,1.58,53.1,J4755877,Vietnam,"Waiter/Waitress, Bar",60213,Shopping,Ferrari
313,Drake,Walter,M,1.7,57.6,U8930446,Italy,Paleontologist,12053,Tennis,-
314,Fleming,Nicole,F,1.41,47.4,G5523876,Brazil,"Director, Nursing Service",12638,Walking,-
315,Mills,Carolyn,F,1.46,51.1,Q4494301,Greece,"Supervisor, Burling And Joining",36792,Family Time,Subaru
316,Langley,Karen,F,1.39,42.3,N0829761,Brazil,Ticket Agent,15341,Golf,-
317,Hill,Heather,F,1.63,42.3,R2185249,Lithuania,Batch-Records Clerk,12104,Billiards,-
318,Sargent,Nicholas,M,1.72,66.1,S3652344,Spain,Gasket Supervisor,41822,Socializing,Toyota
319,Kirkland,Rebecca,F,1.82,42.3,V1195826,Italy,"Supervisor, Pipe Finishing",9861,Animal Care,-
320,Erickson,Bryan,M,1.69,64,601234576,Ireland,Compound Mixer,56926,Reading,Ford
321,Ross,Kathleen,F,1.48,47.9,L2846787,Luxembourg,Malt-House Operator,14738,Traveling,-
322,Wiggins,Brandon,M,1.58,53.2,J1928245,China,Paper Sorter And Counter,20035,Playing Music,Subaru
323,May,Bruce,M,1.52,67.2,638483970,India,Automobile-Service-Station Mechanic,9312,Bowling,-
324,Ochoa,Alice,F,1.77,50.1,H9669608,Argentina,Stamp Analyst,108091,Hiking,McLaren
325,Beach,Benjamin,M,1.87,48.4,117156643,Japan,Lather Apprentice,75673,Family Time,-
326,Jarvis,Diane,F,1.82,46.2,G7298997,Portugal,"Assembler, Plastic Hospital Products",24064,Skiing,McLaren
327,Rivas,Rose,F,1.68,42.7,509749830,Spain,Spring Tester I,14530,Camping,-
328,Key,Willie,M,1.77,70.2,Q6555461,Indonesia,"Supervisor, Maintenance",52503,Exercise,Cadillac
329,Fernandez,Jacqueline,F,1.39,49.2,S3617093,Cyprus,Extrusion-Die Repairer,9706,Writing,-
330,Schultz,Shirley,F,1.57,46,E9828738,Saudi Arabia,Cleaner And Preparer,20193,Boating,Dodge
331,Turner,Eric,M,1.74,59.2,U5954884,Chile,Watch-Crystal Molder,104494,Writing,Mazda
332,Holman,Alexander,M,1.87,53.2,R2217237,Japan,Bag Sewer,10556,Eating Out,-
333,Gross,Jeremy,M,1.75,56.1,C3554838,Ireland,Facilities Planner,37688,Bowling,-
334,Becker,Michael,M,1.94,48.4,739484777,Russia,"Inspector, Circuitry Negative",17432,Exercise,-
335,Chapman,Frances,F,1.67,42.3,Y8271877,Brazil,Cloth Framer,34330,Motorcycling,-
336,Bradley,Jeffrey,M,1.75,82.3,709080674,Saudi Arabia,Chest-Painting And Sealing Supervisor,14319,Sewing,-
337,Camacho,Evelyn,F,1.58,56,M7383108,Senegal,Revenue Agent,38656,Camping,Kia
338,Hamilton,Michael,M,1.94,55.7,655100111,Saudi Arabia,Fish Drier,41445,Horseback Riding,Porsche
339,Stanton,Danielle,F,1.6,50.8,469499227,Austria,"Edge Bander, Machine",59811,Golf,Jeep
340,Carpenter,Willie,M,1.75,75.6,Y4033595,Finland,Welding-Machine Tender,5984,Sewing,-
341,Morton,Kathleen,F,1.47,51.6,A9070746,Slovenia,Edge Trimmer,7241,Bowling,-
342,Barber,Louis,M,1.92,64.3,X3207391,Saudi Arabia,Sample Worker,97442,Housework,Honda
343,Farrell,Betty,F,1.53,48.1,182292685,Canada,"Head Operator, Sulfide",65330,Walking,-
344,Taylor,Edward,M,1.87,61.5,289984620,Hungary,Convex-Grinder Operator,38538,Cooking,Ram
345,Gilbert,Doris,F,1.45,45.1,868713502,Latvia,"Supervisor, Natural-Gas Plant",75994,Relaxing,Honda
346,Moss,Adam,M,1.94,56.7,O1538758,Spain,Bench Worker,44900,Boating,-
347,Shepard,Ashley,F,1.39,42.3,B8241492,Canada,Setter,8150,Sewing,-
348,Luna,Theresa,F,1.82,42.3,427659914,Indonesia,Waist Pleater,51761,Hiking,-
349,Hodges,Lauren,F,1.78,42.3,K0845416,Malta,Curing-Oven Tender,8832,Boating,-
350,Rowland,Jason,M,1.69,58.2,O1668276,Portugal,Stripper,92718,Socializing,Toyota
351,Paul,Michelle,F,1.82,42.3,872209453,Slovakia,Film Flat Inspector,87734,Computer Games,Cadillac
352,Patel,Eugene,M,1.68,86.5,442374343,Finland,Tower Helper,95232,Watching Sports,-
353,Webster,Jean,F,1.51,43.9,I2036779,United Kingdom,Singer,49201,Exercise,-
354,Conrad,Mary,F,1.46,45.7,L7432853,Vietnam,Candy Maker,25487,Fishing,-
355,Simmons,Bryan,M,1.84,72.6,107612213,Italy,"Installer, Soft Top",13577,Going to Movies,-
356,Golden,Betty,F,1.68,47,B5267528,France,Rug Measurer,47661,Bowling,Maserati
357,Sweeney,Abigail,F,1.82,42.3,Y3210681,Australia,Hosiery Mender,134441,Relaxing,-
358,Atkins,Kathryn,F,1.58,46.1,J8946447,Ireland,"Instructor, Military Science",38501,Camping,Land Rover
359,Bradford,Sean,M,1.82,66.1,242159993,Chile,Carbonation Equipment Operator,56947,Billiards,Rolls Royce
360,Santiago,Jessica,F,1.58,43.1,781173595,Austria,Rigger Apprentice,46560,Going to Movies,Suzuki
361,Small,Willie,M,1.94,48.4,736887649,Turkey,"Design Engineer, Nuclear Equipment",158856,Motorcycling,Koenigsegg
362,Hutchinson,Helen,F,1.72,50.4,E0238988,Turkey,"Supervisor, Brine",20760,Going to Movies,Nissan
363,Mcfarland,Edward,M,1.61,73.2,355865392,Ireland,"Press Operator, Pierce And Shave",46709,Traveling,Porsche
364,Herring,Emily,F,1.46,53.5,606505328,Finland,"Supervisor, Fruit Grading",40397,Hunting,-
365,Parks,Jennifer,F,1.76,46.4,294221775,Malta,Office-Machine-Servicer Apprentice,154411,Dancing,-
366,White,Edward,M,1.61,75.5,H6976651,Cyprus,"Developer, Printed Circuit Board Panels",31246,Traveling,Koenigsegg
367,Rutledge,Ronald,M,1.94,54.6,735975156,Croatia,"Camera Operator, Title",34463,Skiing,Subaru
368,Tyler,Carol,F,1.81,42.3,T3268629,Hungary,"Guide, Alpine",8351,Gardening,-
369,Crawford,Joan,F,1.82,49.1,I6302780,Czechia,Type-Casting Machine Operator,19473,Relaxing,-
370,Phelps,Alexander,M,1.89,65.9,J7291161,Bulgaria,"Controller, Coal Or Ore",26517,Skiing,Mercedes-Benz
371,Mueller,Diane,F,1.39,47.4,671511263,Germany,Market Development Manager,12038,Dancing,-
372,Irwin,Arthur,M,1.52,49.9,W1910170,Lithuania,Medical-Service Technician,11663,Animal Care,-
373,Hoffman,Gabriel,M,1.8,50.9,I2351772,Spain,Tank-House Operator,5595,Fishing,-
374,Simpson,Beverly,F,1.52,42.3,720640759,Bulgaria,House-Piping Inspector,10633,Skiing,-
375,Bryant,Kelly,F,1.82,42.3,U2445990,Belgium,"Director, Records Management",13177,Hunting,-
376,Vincent,Marilyn,F,1.6,42.3,856486345,Hungary,Pressure Controller,21262,Team Sports,Ram
377,Murray,Donald,M,1.76,59.5,Z3597639,Slovakia,"Supervisor, Carding",96042,Motorcycling,Jaguar
378,Medina,Amber,F,1.39,47.9,Z7221960,Japan,Tool-And-Die Supervisor,19097,Painting,-
379,Solis,Nathan,M,1.82,59,D4886494,Cyprus,Proofsheet Corrector,22902,Painting,Mitsubishi
380,Jensen,Helen,F,1.78,51.2,J4685237,South Korea,"Tennis-Ball Coverer, Hand",25152,Watching Sports,Porsche
381,Montgomery,Zachary,M,1.81,78.3,A6011991,Vietnam,Dental Ceramist Assistant,10720,Team Sports,-
382,Hays,Aaron,M,1.68,63.6,Z8980714,India,Wrong-Address Clerk,8887,Computer Games,-
383,Little,Vincent,M,1.67,48.4,J9465314,Czechia,"Sample Maker, Hand",199505,Gardening,Buick
384,Rivas,Alice,F,1.71,55.2,327965105,Luxembourg,Fan-Blade Aligner,110819,Sewing,Cadillac
385,Diaz,Brenda,F,1.76,48.1,T7550601,Belgium,Comb-Machine Operator,64698,Shopping,-
386,James,Sarah,F,1.72,43.9,P3220939,Japan,Impersonator,21831,Skiing,-
387,Browning,Zachary,M,1.52,61.2,193232676,Russia,Dusting-And-Brushing-Machine Operator,14096,Bowling,-
388,Giles,Eric,M,1.84,51,X9541366,Turkey,Cigar Brander,91699,Sleeping,Renault
389,Hebert,Kayla,F,1.44,42.3,R1644703,Mexico,Coin-Machine Collector,70714,Horseback Riding,TATA Motors
390,Davenport,Rose,F,1.52,42.3,T8219785,Poland,"Welding-Machine Operator, Electroslag",22302,Walking,Chevrolet
391,Emerson,Mary,F,1.52,48,H3383374,Lithuania,Automat-Car Attendant,33197,Golf,General Motors
392,Mcdaniel,Patrick,M,1.94,62.4,A0927852,Slovenia,"Drafter, Geophysical",83521,Animal Care,-
393,Delacruz,Ralph,M,1.78,48.4,I0981558,Croatia,"Gelatin Maker, Utility",73546,Reading,-
394,Mccarty,Douglas,M,1.94,59.8,164756383,Vietnam,"Supervisor, Sewing Room",30694,Gardening,Audi
395,Cohen,Jack,M,1.62,66.1,458553518,Finland,Gas-Leak Inspector Helper,16620,Going to Movies,-
396,Hunt,Catherine,F,1.63,42.3,K9123695,Japan,Fare-Register Repairer,48094,Fishing,Ram
397,Riley,Sean,M,1.84,80.7,868072428,Germany,Pole-Peeling-Machine Operator,7742,Tennis,-
398,Jones,Gabriel,M,1.94,65.6,H4168595,Australia,Vacuum-Pan Operator Ii,40746,Socializing,Tesla
399,Orr,Kimberly,F,1.52,42.3,W5878604,Hungary,Deflash And Wash Operator,39080,Boating,-
400,Parsons,Anthony,M,1.57,61.1,471871146,Germany,Operations Analyst,13676,Shopping,-
401,Horne,Diane,F,1.45,55.7,837262800,Sweden,Paradichlorobenzene Tender,16771,Exercise,-
402,Keller,Catherine,F,1.77,42.3,J3117323,Japan,"Polisher, Balance Screwhead",73590,Eating Out,-
403,Parsons,Donna,F,1.39,43.3,622532185,Vietnam,Feed-Mixer Helper,50744,Beach,Kia
404,Combs,Thomas,M,1.71,64,B7539550,Netherlands,Poleyard Supervisor,63810,Traveling,-
405,Fernandez,Sara,F,1.8,44.4,C2041497,Chile,"Distillery Worker, General",6489,Tennis,-
406,Jones,Pamela,F,1.64,49.6,S8894496,Croatia,Engineer Of System Development,24144,Skiing,-
407,Livingston,Olivia,F,1.82,43,V7272613,China,Warehouse Worker,17509,Tennis,-
408,Rasmussen,George,M,1.52,72.4,Q3228655,Poland,Scarfing Machine Operator,18161,Motorcycling,-
409,Murray,Theresa,F,1.41,52.7,J9706147,Canada,"Fisher, Pot",24988,Going to Movies,Mini
410,Bishop,Beverly,F,1.46,42.3,W0224119,Argentina,Host/Hostess,30598,Crafts,Kia
411,Warren,Teresa,F,1.59,58.5,D3039784,South Africa,Carbon Printer,50996,Socializing,Mitsubishi
412,Singleton,Carl,M,1.94,53.5,N4242269,Latvia,Shear-Grinder-Operator Helper,101063,Going to Movies,-
413,Delacruz,Grace,F,1.82,62,B6679691,Netherlands,"Supervisor, Labor Gang",88881,Housework,-
414,Wilcox,Andrew,M,1.52,69.1,D4920825,Latvia,"Supervisor, Contact And Service Clerks",48248,Swimming,-
415,Carr,Virginia,F,1.61,44.1,N0694476,Netherlands,"Supervisor, Animal Maintenance",58414,Housework,-
416,Short,Ryan,M,1.58,60.8,Y0929511,Finland,Metal-Bonding Crib Attendant,63723,Golf,Citroen
417,Lamb,Alan,M,1.91,57.6,O4874639,Estonia,Compressor,8245,Shopping,-
418,Reilly,Frances,F,1.65,47.7,Y6751131,Spain,"Laborer, Canvas Shop",76297,Dancing,-
419,Benton,Angela,F,1.41,42.3,048272920,Brazil,Cylinder-Press Feeder,9560,Traveling,-
420,Stewart,Kathryn,F,1.72,49.4,Q3500345,Italy,Drophammer Operator,11719,Hunting,-
421,Greene,Linda,F,1.82,42.3,804012642,Saudi Arabia,Press-Box Custodian,7704,Theater,-
422,Aguilar,Carolyn,F,1.64,45.8,723170485,Italy,Cut-And-Cover Line Worker,14617,Working on Cars,-
423,Cruz,Karen,F,1.79,57.2,682800436,Saudi Arabia,Barrel-Assembler Helper,23138,Horseback Riding,Ferrari
424,Hendrix,Richard,M,1.58,60.9,228841953,Indonesia,"Scraper, Hand",164828,Playing Music,Fiat
425,Bauer,Laura,F,1.64,54,Y8471362,Bulgaria,"Instructor, Sports",12291,Playing Music,-
426,Randall,Eugene,M,1.66,48.4,F1161341,United Kingdom,"Hemmer, Chainstitch",60977,Horseback Riding,Citroen
427,Dennis,Eugene,M,1.88,93.2,D0826410,Spain,Swimming Pool Installer-And-Servicer,14940,Camping,-
428,Gallagher,Michael,M,1.93,60.8,065419483,Slovenia,"Supervisor, Cd-Area",149594,Beach,-
429,Swanson,Alice,F,1.77,57.2,L4345160,China,Receptionist,9695,Sewing,-
430,Higgins,Jonathan,M,1.55,65,791347993,South Korea,Spring Salvage Worker,28073,Sewing,Infiniti
431,Benton,Jesse,M,1.94,63.9,K5389248,Slovenia,"Maintenance Mechanic, Compressed-Gas Plant",21440,Camping,Koenigsegg
432,Washington,Aaron,M,1.74,60.2,O7806134,France,Inside-Meter Tester,37616,Cooking,Audi
433,Ayala,Barbara,F,1.39,57.4,Z9791901,Czechia,Coremaking-Machine Operator,67684,Dancing,Honda
434,Benson,Christian,M,1.82,48.4,P2372274,Croatia,Coiler,37642,Sewing,Tesla
435,Hayes,Diana,F,1.82,42.9,R1639976,Finland,Veterinary Livestock Inspector,54669,Exercise,-
436,Frye,Brenda,F,1.48,42.3,184268620,Brazil,Tire Adjuster,12400,Running,-
437,Goodwin,Michael,M,1.84,65.4,F0813231,Lithuania,Overseer,31934,Fishing,Renault
438,Nichols,Robert,M,1.89,49.7,804873359,China,Electric-Track-Switch Maintainer,6829,Team Sports,-
439,Delgado,Nancy,F,1.76,46.3,196963335,Senegal,"Commander, Police Reserves",35159,Sewing,-
440,Grant,Bobby,M,1.55,65,671454199,Estonia,"Flat Surfacer, Jewel",40752,Eating Out,Koenigsegg
441,Holt,Barbara,F,1.4,52.4,O1994827,Netherlands,"Engraver, Machine Ii",61264,Family Time,Pagani
442,Travis,Gary,M,1.94,48.4,D4837704,Russia,Flour Blender,9697,Motorcycling,-
443,Gilliam,Lori,F,1.45,45.5,W3639216,Brazil,Machine Builder,42613,Playing Music,Hyundai
444,Wynn,Amy,F,1.48,58.9,032109062,Hungary,"Manager, Pool",5613,Horseback Riding,-
445,Parrish,Diane,F,1.6,59.8,L2989429,Italy,Dredge Operator Supervisor,31735,Dancing,Citroen
446,Strickland,Christian,M,1.76,48.4,D3870489,Vietnam,Fishing Accessories Maker,198181,Skiing,Jaguar
447,Cash,Thomas,M,1.94,70.6,F0477637,Romania,"Salesperson, Yard Goods",124275,Going to Movies,Honda
448,Compton,Paul,M,1.9,48.4,U8261373,China,"Striper, Machine",18667,Reading,-
449,Cleveland,Sarah,F,1.39,52.1,P8094000,Malta,Mess Attendant,14249,Housework,-
450,Bender,Abigail,F,1.49,42.3,T6232246,Romania,Screen-And-Cyclone Repairer,24044,Gardening,Nissan
451,Blake,Anthony,M,1.74,50.3,E9847394,China,Siderographer,9397,Motorcycling,-
452,Wooten,Janice,F,1.67,49.2,N4525230,Croatia,Capacitor-Pack-Press Operator,134247,Gardening,Ram
453,Dejesus,Kathryn,F,1.68,44.9,R2601856,United Kingdom,"Supervisor, Display Fabrication",106710,Traveling,-
454,Burke,Jeffrey,M,1.7,54.2,544776649,Croatia,Procurement Engineer,6974,Listening to Music,-
455,Caldwell,Kimberly,F,1.72,46.9,W4352882,Brazil,Stamper,77914,Theater,TATA Motors
456,Fry,Ann,F,1.48,42.3,673695567,India,Critic,22944,Playing Music,-
457,Figueroa,Thomas,M,1.71,65.9,A8338727,Indonesia,Jackhammer Operator,31290,Eating Out,Jeep
458,Cunningham,Mark,M,1.72,65.7,325812976,United States of America,Counter Roller,99246,Billiards,Pagani
459,Pearson,Gerald,M,1.94,62.2,482692833,France,Missile Facilities Repairer,16781,Shopping,-
460,Knapp,Jonathan,M,1.74,56.3,314550007,Estonia,Batter Scaler,133435,Painting,Aston Martin
461,Serrano,Brenda,F,1.73,42.3,F3977750,Cyprus,"Supervisor, Fish Hatchery",16660,Exercise,-
462,Oliver,Roger,M,1.94,48.4,874447888,United Kingdom,"Impersonator, Character",111540,Dancing,-
463,Wiggins,Kayla,F,1.82,42.3,Q0711801,China,Transfer-Table Operator Helper,35933,Computer Games,Kia
464,Hampton,Wayne,M,1.63,72.2,B4346651,Netherlands,Leather Coater,37671,Housework,Jaguar
465,Burke,Nathan,M,1.86,49.9,557471651,Cyprus,Diffuser Operator,9614,Sewing,-
466,Bishop,Jason,M,1.68,70.2,155072659,South Africa,Ticket Seller,24028,Dancing,Ford
467,Rocha,Gary,M,1.92,56.9,694624976,South Korea,Parimutuel-Ticket Seller,28523,Bowling,Geely
468,Copeland,Stephen,M,1.78,52.9,300539288,Saudi Arabia,V-Belt Builder,70887,Team Sports,Subaru
469,Hubbard,Cheryl,F,1.61,50.3,L4404348,Netherlands,Poultry Eviscerator,26647,Dancing,Ram
470,Tucker,Roger,M,1.79,56.8,323452487,South Africa,Wrapper,45607,Playing Cards,TATA Motors
471,Murphy,Evelyn,F,1.39,42.3,638412894,France,"Instructor-Trainer, Canine Service",88521,Bowling,-
472,Raymond,Joyce,F,1.73,51.8,K0800137,Ireland,Prosthetics Technician,13769,Family Time,-
473,Salazar,Vincent,M,1.8,74.8,F4281317,United Kingdom,"Supervisor, Mold Making",140520,Writing,-
474,Dickson,Logan,M,1.85,59.6,793762412,Italy,"Cook, Mexican Food",34522,Skiing,Dodge
475,Hampton,Debra,F,1.75,53.2,C1138352,Italy,"Printer, Floor Covering, Assistant",140046,Listening to Music,-
476,Donaldson,Theresa,F,1.39,51.6,Y4401740,Australia,Machine-Castings Plasterer,45466,Skiing,Toyota
477,Kline,Albert,M,1.81,51.3,K8975098,Lithuania,Wallpaper-Printer Helper,92749,Traveling,Hyundai
478,Peterson,Thomas,M,1.75,79.8,719279083,Croatia,"Director, Vocational Training",76869,Shopping,Volkswagen
479,Foley,Barbara,F,1.69,55.5,C0420381,France,Polysilicon Preparation Worker,21599,Shopping,-
480,Goff,Stephanie,F,1.56,45.1,H6042987,France,Parking Attendant,13522,Hiking,-
481,Cook,Russell,M,1.87,61.3,Y7502894,Sweden,"Inspector, Woodwind Instruments",51170,Golf,Ram
482,Ramsey,Beverly,F,1.44,42.3,707047537,Belgium,Graphite Pan-Drier Tender,31977,Bicycling,Suzuki
483,Garza,Danielle,F,1.39,52.2,867261669,Vietnam,Stiffener,20001,Shopping,McLaren
484,Kline,Evelyn,F,1.55,48,305954019,Ireland,Electric-Golf-Cart Repairer,109875,Cooking,-
485,Conrad,Ann,F,1.8,50.4,777673875,Hungary,Ballpoint-Pen-Assembly-Machine Operator,61631,Computer Games,Cadillac
486,Cortez,Susan,F,1.62,42.3,G9044209,Russia,Paint-Brush Maker,31536,Playing Cards,Koenigsegg
487,Cook,Megan,F,1.78,42.3,G8534440,Germany,Mixer Operator Ii,50252,Boating,Porsche
488,Gilliam,Theresa,F,1.74,42.3,317896413,Singapore,Lowerator Operator,13398,Bowling,-
489,Stark,Alexander,M,1.71,55.6,X4726462,Brazil,"Dispatcher, Oil Well Services",106849,Housework,Chevrolet
490,Wall,Brenda,F,1.52,45.6,176775490,South Korea,Coil Shaper,33543,Entertaining,-
491,Bradford,Alice,F,1.68,45.7,N1204739,Slovenia,"Striper, Machine",51394,Relaxing,Lexus
492,Hahn,Gerald,M,1.66,53.1,548149306,Czechia,"Separator Operator, Shellfish Meats",20979,Watching Sports,-
493,Albert,Ethan,M,1.72,48.4,E7871068,Lithuania,Tube Drawer,31851,Boating,Lamborghini
494,Gill,Timothy,M,1.77,61.3,P0604831,Saudi Arabia,"Supervisor, Marking Room",50106,Sewing,-
495,Hahn,Diana,F,1.67,46,A8142677,Saudi Arabia,Drier Feeder,71747,Walking,Citroen
496,Frye,Diana,F,1.78,47.2,C6989510,Indonesia,Prop Attendant,9403,Entertaining,-
497,Mejia,Lisa,F,1.56,58,L9749107,South Korea,Variety-Saw Operator,53925,Working on Cars,-
498,Vance,Donna,F,1.43,47.2,P0648488,Denmark,Tobacco-Sample Puller,38320,Hiking,Infiniti
499,Hansen,Evelyn,F,1.82,56.2,180015420,Russia,"Inspector, Canned Food Reconditioning",19482,Going to Movies,-
500,Moore,Patrick,M,1.93,60.1,204176926,Netherlands,Porter,42029,Beach,-
501,Murray,Diane,F,1.57,42.3,E8499986,Singapore,Director Of Admissions,82328,Family Time,Porsche
502,Collier,Christine,F,1.39,46,M9347478,Ireland,Art Director,25978,Skiing,Acura
503,Bush,Elizabeth,F,1.77,56.6,D9237555,Singapore,Superintendent,39028,Reading,Bentley
504,Peck,Jesse,M,1.85,58.7,299215701,Chile,Chocolate Temperer,12776,Playing Cards,-
505,Wade,Madison,F,1.49,44.1,T5946554,Argentina,Looper,210261,Painting,Dodge
506,Wallace,Martha,F,1.6,45.2,409184669,Estonia,Lead Burner,31735,Golf,Jaguar
507,Whitney,Philip,M,1.76,58.2,177128803,Egypt,Grain Receiver,36435,Billiards,Ferrari
508,Roberson,Sara,F,1.59,43.5,731944072,Belgium,"Information Clerk, Automobile Club",30450,Bicycling,Nissan
509,Lott,Jennifer,F,1.59,47.6,W3919809,Denmark,"Supervisor, Cigar-Making Machine",35409,Working on Cars,Mazda
510,Ray,Laura,F,1.75,43,230573812,Slovenia,Tobacco-Packing-Machine Operator,57986,Boating,Lamborghini
511,Bullock,Arthur,M,1.75,63.1,457633097,Mexico,"Side Laster, Staple",57972,Gardening,Fiat
512,Simpson,Diane,F,1.55,45.3,069530583,Russia,Physician Assistant,33115,Billiards,Aston Martin
513,Mayo,Jeremy,M,1.66,48.4,426671061,Germany,Metal-Finish Inspector,16126,Swimming,-
514,Harris,Donald,M,1.56,62.1,R0422260,Lithuania,Disaster Or Damage Control Specialist,12683,Tennis,-
515,Robinson,Douglas,M,1.52,74.1,596385309,Argentina,Mortgage Clerk,6790,Hiking,-
516,Rivers,Stephanie,F,1.82,48.4,768437705,Singapore,"Laboratory Technician, Artificial Breeding",49376,Team Sports,Porsche
517,Dalton,Joe,M,1.94,64,G2382835,Slovakia,"Silk-Screen Printer, Machine",16066,Beach,-
518,Bryan,Jacqueline,F,1.62,49.1,106834784,Slovakia,Set-Staff Fitter,24174,Reading,-
519,Dickson,Elizabeth,F,1.51,42.5,745202643,Indonesia,Wire Setter,17744,Dancing,-
520,Luna,John,M,1.87,56.7,A5521952,Bulgaria,Priming-Mixture Carrier,87547,Working on Cars,Nissan
521,Savage,Kayla,F,1.57,47.8,O3547299,France,"Group Leader, Semiconductor Testing",16349,Reading,-
522,Ramirez,Ralph,M,1.72,73,636136292,Japan,"Psychologist, Counseling",101698,Sleeping,Mercedes-Benz
523,Mcfadden,Janet,F,1.47,46.4,617774985,Singapore,Tile Finisher,17732,Bowling,-
524,Durham,Christine,F,1.67,42.6,209330750,Singapore,Boat Repairer,34005,Camping,-
525,Wilkinson,Alan,M,1.94,70.7,L0712515,Slovakia,Buttonhole-And-Button-Sewing-Machine Operator,33324,Painting,Ram
526,Alston,Denise,F,1.52,42.3,H7961854,Turkey,Beamer,23537,Listening to Music,-
527,Swanson,Christina,F,1.72,44.3,M5466259,France,"Fabricator, Artificial Breast",19431,Playing Cards,-
528,Spence,Benjamin,M,1.94,60.8,V9327553,France,Copy Holder,12249,Watching Sports,-
529,Navarro,Doris,F,1.77,47.6,T6033431,Croatia,Colleter,19243,Computer Games,-
530,Potter,Carolyn,F,1.53,42.3,T9085263,Japan,"Binding Cutter, Synthetic Cloth",58082,Entertaining,-
531,Terry,Olivia,F,1.55,42.3,658557219,Hungary,Lock Assembler,27998,Walking,Citroen
532,Campos,Matthew,M,1.94,57.9,721650921,Mexico,"Instructor-Trainer, Canine Service",9340,Painting,-
533,Morgan,Julie,F,1.55,43.4,V2297715,Chile,Spray-Gun Repairer,26838,Playing Cards,BMW
534,Fulton,Nancy,F,1.68,42.3,803604550,Indonesia,Identification Clerk,64640,Tennis,Citroen
535,Conner,Ethan,M,1.94,73.7,442877467,Germany,Paint-Brush Maker,78845,Bowling,-
536,Britt,Daniel,M,1.76,59.5,Y4803362,Ireland,Fish Farmer,46138,Billiards,Buick
537,King,Karen,F,1.44,42.3,463658139,Senegal,Slat Twister,10822,Bowling,-
538,Erickson,Jeffrey,M,1.94,62.3,N4900194,Malta,Tool-Machine Set-Up Operator,6708,Working on Cars,-
539,Hill,Jason,M,1.74,59.8,302207237,United Kingdom,Wrapper-Hands Sprayer,85704,Hiking,Koenigsegg
540,Pearson,Laura,F,1.59,51.1,197308862,Chile,Power-Transformer Repairer,27174,Motorcycling,Tesla
541,Sanders,Teresa,F,1.49,42.3,426254388,Slovenia,Impregnating-Machine Operator,54156,Billiards,Chevrolet
542,Perry,Sara,F,1.51,42.3,607291041,Bulgaria,Rotary-Drier Feeder,16973,Walking,-
543,Schwartz,Susan,F,1.58,42.3,617330469,Slovakia,Lens-Fabricating-Machine Tender,13423,Gardening,-
544,Webb,Betty,F,1.52,44.4,514831757,Czechia,"Broker-And-Market Operator, Grain",57535,Fishing,-
545,Deleon,Kathryn,F,1.64,56.9,800211437,Slovakia,Grease-Refiner Operator,37790,Hiking,-
546,Davenport,Ashley,F,1.55,47,510411429,Finland,Smoking-Pipe Maker,88066,Listening to Music,-
547,Kline,Wayne,M,1.66,71.5,Z3822344,Croatia,"Cable Engineer, Outside Plant",37804,Horseback Riding,Mini
548,Crosby,Hannah,F,1.79,48.7,699731117,Japan,"Automotive Technician, Exhaust Emissions",59438,Hunting,-
549,Ewing,Virginia,F,1.59,42.3,T4378013,South Korea,Photoengraver,29677,Dancing,Audi
550,Huffman,Teresa,F,1.73,44.7,T1718712,Malta,Harvest Contractor,71868,Swimming,-
551,Waters,Richard,M,1.83,76.3,Y6091185,Brazil,"Sales Representative, Toilet Preparations",22609,Computer Games,Acura
552,Horton,Cynthia,F,1.63,42.3,V7533202,Portugal,"Cup Setter, Lockstitch",33210,Watching TV,Jaguar
553,Warner,Joseph,M,1.82,48.4,096922289,Romania,Lane-Marker Installer,8762,Reading,-
554,Mathis,Kayla,F,1.39,46.3,814558437,Czechia,"Chief, Computer Programmer",27649,Golf,Rolls Royce
555,Mcfadden,Alan,M,1.52,48.4,N2530921,Slovenia,Tool Pusher,33157,Sleeping,-
556,Petty,Bobby,M,1.92,70,P7492569,Belgium,"Dietitian, Consultant",130118,Writing,-
557,Frost,Kathleen,F,1.65,56.4,H3314215,Sweden,Rotary-Furnace Tender,86653,Tennis,Saab
558,Ramirez,Dorothy,F,1.53,44.2,C1798209,Singapore,Tube Repairer,39390,Boating,-
559,Henson,Stephanie,F,1.63,58.9,E7515844,Romania,Data Entry,37140,Swimming,Fiat
560,Blair,Tyler,M,1.71,57.2,O8404133,South Korea,Loader,36613,Computer Games,Renault
561,Spears,Lisa,F,1.55,52.7,H7937378,South Africa,Diamond-Powder Technician,36426,Swimming,Fiat
562,Bowen,Andrea,F,1.67,45.5,R1003870,South Africa,"Supervisor, Shop",126022,Watching Sports,General Motors
563,Drake,Austin,M,1.57,70.5,330955775,Sweden,Boat Loader Ii,163474,Shopping,Land Rover
564,Williams,Anthony,M,1.67,56.8,047138216,Hungary,"Inspector, Screen Printing",84246,Fishing,GMC
565,Lopez,Jeffrey,M,1.81,66,V9838331,Netherlands,"Salesperson, Men'S And Boys' Clothing",42275,Crafts,Chevrolet
566,Griffith,Victoria,F,1.5,42.3,W9182108,Slovakia,Instrument-Shop Supervisor,9510,Playing Music,-
567,Blevins,Johnny,M,1.8,48.4,H9285838,Luxembourg,Electric-Meter-Repairer Apprentice,15052,Shopping,-
568,Solis,Jerry,M,1.94,64.1,H6618164,Malta,Registered Representative,17886,Playing Cards,-
569,Crawford,Olivia,F,1.61,46.1,E9785455,Denmark,Lawyer,24934,Family Time,-
570,Potter,Grace,F,1.71,53.5,815259857,South Africa,Nitroglycerin Supervisor,27745,Theater,-
571,Clemons,Olivia,F,1.65,51.3,A0322568,Russia,Fish Farmer,6042,Motorcycling,-
572,Estrada,Benjamin,M,1.65,63.9,858818193,Poland,Booker,72094,Bicycling,Ferrari
573,Hinton,Joan,F,1.69,42.3,Y4245349,Turkey,Power-Driven-Brush Maker,30100,Painting,Infiniti
574,Mcconnell,Carol,F,1.4,46,081133717,United Kingdom,"Electrician, Locomotive",10162,Bicycling,-
575,Charles,Katherine,F,1.66,42.3,H1878595,Japan,Sander,28492,Bicycling,-
576,Barnett,Samuel,M,1.57,48.4,S4679316,Saudi Arabia,Sensitized-Paper Tester,9593,Billiards,-
577,Robertson,Judy,F,1.73,46.1,V1719697,South Korea,Skein-Yarn Dyer,45494,Family Time,-
578,Guerra,Matthew,M,1.76,73.5,K8324684,Czechia,"Sales Representative, Plastic Products",116810,Hunting,Infiniti
579,Mcneil,Nicholas,M,1.68,48.4,N1471620,India,Cutting-Machine Offbearer,19743,Dancing,-
580,Ramos,Christian,M,1.84,69.6,379184963,Lithuania,Bursar,60475,Skiing,Nissan
581,Bullock,Timothy,M,1.9,61.9,T3095361,Canada,"Painter, Animated Cartoons",38384,Going to Movies,-
582,Riley,Eugene,M,1.7,79.6,L9233237,Malta,Chemical Laboratory Technician,9374,Tennis,-
583,Mitchell,Cheryl,F,1.56,56.7,W8207570,Vietnam,Information Clerk,63187,Cooking,Mazda
584,Hicks,Larry,M,1.94,55.1,572433817,Japan,Exhibit Artist,37745,Traveling,Aston Martin
585,Beck,Julia,F,1.61,42.3,450555804,France,"Assembler, Carbon Brushes",42548,Beach,Mazda
586,Maxwell,Dorothy,F,1.51,42.3,I8688507,South Africa,Copra Processor,52366,Watching Sports,Bentley
587,Atkinson,Matthew,M,1.81,62.5,762281671,Sweden,Pumper,29849,Hiking,Mercedes-Benz
588,Padilla,Nicole,F,1.56,42.3,196915718,Belgium,Shoe-Repair Supervisor,27121,Watching Sports,Kia
589,Henderson,Kathleen,F,1.73,42.3,537846572,Saudi Arabia,"Deburrer, Machine",12693,Relaxing,-
590,Larson,James,M,1.9,54.8,S4982866,China,"Sales Representative, Weighing And Force-Measurement Instruments",70288,Billiards,Mini
591,Cash,Lisa,F,1.6,47.6,L6059274,Poland,Fire-Equipment-Inspector Helper,81731,Bowling,Porsche
592,Fischer,Andrew,M,1.79,48.4,S7861139,Mexico,"Heel-Seat Fitter, Machine",36893,Shopping,Audi
593,Hancock,Aaron,M,1.9,77.4,U2396817,United Kingdom,Rater,45160,Skiing,Ram
594,Blankenship,Joyce,F,1.74,51.5,B9744796,Czechia,"Press Operator, Pierce And Shave",82289,Gardening,Lexus
595,Edwards,Danielle,F,1.77,42.3,252098703,Brazil,Redrying-Machine Operator,22133,Relaxing,-
596,Huff,Patricia,F,1.75,67.5,039068941,India,"Supervisor, Public Message Service",27839,Sleeping,-
597,Welch,Diane,F,1.62,44.7,I7024940,Egypt,Draper,38553,Watching Sports,Saab
598,Mooney,Johnny,M,1.52,72.4,X3595626,Italy,Shearing-Machine Feeder,70574,Going to Movies,BMW
599,Good,Gabriel,M,1.88,49,M0186249,Japan,Hair-Sample Matcher,10268,Painting,-
600,Shields,Jennifer,F,1.54,42.3,H1551834,Austria,Blender I,51892,Boating,BMW
601,Burton,George,M,1.85,48.4,Y3205682,Luxembourg,"Supervisor, Metalizing",23393,Working on Cars,Maserati
602,Calderon,Emma,F,1.53,46.2,850627082,Lithuania,Stove Refinisher,29999,Painting,Bentley
603,Leonard,Gerald,M,1.62,72.8,J0996076,France,School Bus Monitor,7202,Eating Out,-
604,Knox,Lori,F,1.39,60.3,O7968996,Hungary,Collating-Machine Operator,10730,Animal Care,-
605,Lane,Megan,F,1.57,43.7,P1980409,Germany,Photographic-Plate Maker,14446,Cooking,-
606,Trujillo,Martha,F,1.82,45.1,O0305467,Spain,Cloth Framer,15740,Golf,-
607,Dominguez,Henry,M,1.91,56.9,U9096219,Germany,Motorcycle Subassembler,10023,Exercise,-
608,Crane,Gloria,F,1.81,47.9,074671347,Bulgaria,Head-Machine Feeder,93374,Writing,-
609,Coffey,Cheryl,F,1.6,46,561628648,Hungary,"Dispatcher, Service, Chief",62177,Family Time,BMW
610,Mcbride,Steven,M,1.7,50.8,102847062,Austria,Automatic-Pad-Making-Machine Operator Helper,59551,Gardening,Mitsubishi
611,Nash,Mark,M,1.8,48.4,707405555,India,Targeteer,27394,Family Time,Bentley
612,Vazquez,Grace,F,1.53,42.3,Z5404981,Mexico,Can Inspector,36742,Reading,Mitsubishi
613,Romero,Linda,F,1.53,51.5,095923630,Chile,Letterer,51789,Golf,Aston Martin
614,Nixon,Kenneth,M,1.56,60.3,P8474137,United Kingdom,"Supervisor, Silk-Screen Cutting And Printing",35552,Theater,GMC
615,Ramirez,Louis,M,1.52,73.2,455593422,Australia,Crab Butcher,10068,Socializing,-
616,Welch,Pamela,F,1.39,53.4,E7426386,Hungary,Redye Hand,62781,Motorcycling,-
617,Shields,Christian,M,1.72,48.4,474566364,Ireland,"Illustrator, Medical And Scientific",22123,Team Sports,Toyota
618,Blanchard,Jacob,M,1.92,73,077927942,Saudi Arabia,Crossband Layer,18256,Traveling,-
619,Snyder,Alexis,F,1.64,57.6,420040626,Chile,"Painter Helper, Automotive",96867,Bowling,Acura
620,Albert,Mark,M,1.86,49.1,686247427,Romania,Cutting-Machine Fixer,72525,Exercise,Mini
621,Collier,Gregory,M,1.91,61.7,774512572,Spain,"Leasing Agent, Residence",36442,Swimming,-
622,Leach,Russell,M,1.91,76.5,848094098,Hungary,"Desizing-Machine Operator, Head-End",163069,Billiards,-
623,Meadows,Andrea,F,1.56,42.3,554084911,Slovenia,Clamp-Jig Assembler,16915,Running,-
624,Delaney,Russell,M,1.78,74.2,273283374,United States of America,Miller,51136,Watching Sports,-
625,Carrillo,Nicholas,M,1.94,48.4,082917836,Bulgaria,Heat-Treater Apprentice,56645,Playing Music,-
626,Davenport,Nathan,M,1.86,70.3,X6196356,Vietnam,"Straightener, Hand",69350,Going to Movies,Tesla
627,Chavez,Christine,F,1.49,42.3,D4994085,Australia,Swager Operator,30160,Running,-
628,Cross,Michael,M,1.77,56.3,037685188,Germany,Wad-Printing-Machine Operator,17420,Going to Movies,-
629,Buckner,Nathan,M,1.92,70.3,111868994,Turkey,Capacitor-Pack-Press Operator,30373,Traveling,-
630,Atkinson,Stephen,M,1.76,59.8,H7148675,United Kingdom,Chemical-Etching Processor,12844,Relaxing,-
631,Bowen,Henry,M,1.94,69.3,R4792113,South Africa,Dumper-Bailer Operator,36716,Bicycling,-
632,Fry,Steven,M,1.52,60.7,P5591484,Saudi Arabia,Forepart Laster,66629,Billiards,-
633,Bates,Kimberly,F,1.46,42.8,Z4298604,Egypt,Blending-Plant Operator,15420,Running,-
634,Pratt,Frank,M,1.89,53.2,082950121,Cyprus,Extension Clerk,30326,Sleeping,Cadillac
635,Tillman,Stephanie,F,1.56,42.3,548270495,Germany,Tumbler Tender,30399,Relaxing,-
636,Sandoval,George,M,1.54,49.3,L8182132,India,"Sample Maker, Appliances",14620,Theater,-
637,Wilkinson,Laura,F,1.46,47.8,J8862192,Portugal,Dressmaker,24060,Writing,Lexus
638,Cooley,Jessica,F,1.82,42.3,264554781,Romania,Last Scourer,56806,Golf,Bugatti
639,Mcgowan,Emma,F,1.72,48.5,780148765,Australia,"Sales Representative, Textile Machinery",37922,Socializing,Jaguar
640,Bond,Eric,M,1.8,71.1,F8689200,Japan,"Geographer, Physical",46296,Walking,Renault
641,Ware,Beverly,F,1.56,52,274691063,Poland,Lane-Marker Installer,55717,Bicycling,-
642,Lindsey,Grace,F,1.75,48.1,400622691,Australia,Ice Cutter,56974,Bicycling,Tesla
643,Shannon,Vincent,M,1.91,54.7,297043207,Chile,"Wirer, Street Light",10374,Golf,-
644,Steele,Gregory,M,1.77,69.2,M0359908,Belgium,Forming-Process-Line Worker,67393,Painting,-
645,Rich,Jonathan,M,1.94,62.6,F9288946,Denmark,"Assembler, Dry Cell And Battery",24103,Beach,Ferrari
646,Fisher,Benjamin,M,1.69,60,510785743,Finland,Lead,46526,Bowling,GMC
647,Macias,Beverly,F,1.54,44.8,812522580,Germany,Dermatologist,30784,Beach,Jaguar
648,Page,Douglas,M,1.52,70.9,K0957957,Japan,Solderer,20116,Sewing,Ferrari
649,Buckner,Sarah,F,1.6,49.2,P2930316,Lithuania,Crane-Crew Supervisor,56261,Watching TV,Mazda
650,Velez,Elizabeth,F,1.75,42.3,015718020,South Africa,Chief Technology Officer (CTO),47674,Crafts,Nissan
651,Petty,Sean,M,1.57,63.2,T9502216,Poland,Way Inspector,13288,Crafts,-
652,Hodges,Roy,M,1.86,59.3,302374254,Russia,Crab Meat Processor,30012,Running,Nissan
653,Spence,Dylan,M,1.52,70.5,Y6493488,Vietnam,Rug-Dry-Room Attendant,38962,Walking,TATA Motors
654,Bauer,Janet,F,1.39,42.6,C2489731,Brazil,Motor-Vehicle-Light Assembler,39521,Computer Games,Volkswagen
655,Mullins,Jason,M,1.94,59.5,K6564254,Hungary,Scorer Helper,16173,Boating,-
656,Kelly,Ralph,M,1.92,66,054783586,Sweden,Wire Inserter,31895,Crafts,Aston Martin
657,Hays,Nicholas,M,1.79,62.6,X5376613,Sweden,Concaving-Machine Operator,19179,Socializing,-
658,Fernandez,Dylan,M,1.9,89.1,769671186,Ireland,Cab Driver,58274,Golf,-
659,Wilkinson,Frances,F,1.43,48.1,612923895,Italy,Tracer,101428,Family Time,-
660,Byers,Donald,M,1.86,58.8,R7506143,Netherlands,Pattern Duplicator,18203,Computer Games,-
661,Mayo,Lisa,F,1.72,42.3,639532587,Senegal,Medical-Equipment Repairer,9308,Socializing,-
662,Koch,Jose,M,1.94,48.4,331044190,United States of America,Industrial-Gas-Servicer Helper,49064,Bowling,-
663,Koch,Christina,F,1.69,48.2,281297790,China,"Firer, Kiln",17345,Team Sports,-
664,Martinez,Rose,F,1.49,42.3,T9876310,Poland,Drapery-Rod Assembler,26159,Cooking,Mini
665,Franco,Bruce,M,1.66,52.1,T4295378,France,"Veterinarian, Poultry",15968,Theater,-
666,Bridges,Kathleen,F,1.7,54.8,223947998,Poland,Youth Volunteer,69396,Gardening,McLaren
667,Cannon,Brittany,F,1.69,45.5,K8808080,Italy,"Back Tender, Cloth Printing",19408,Sewing,-
668,Ellis,Eugene,M,1.76,48.4,X7049326,Spain,Paper-Pattern Folder,5865,Crafts,-
669,Woodward,Margaret,F,1.7,42.3,503085374,Cyprus,Deodorizer,28872,Team Sports,Chrysler
670,Adams,Douglas,M,1.94,59.8,649388406,France,Rocket-Test-Fire Worker,13335,Exercise,-
671,Downs,Rose,F,1.62,43.8,P2702932,Ireland,"Instructor, Flying Ii",101849,Hiking,Renault
672,Larson,Emily,F,1.73,42.3,O2944905,United States of America,Thread-Milling-Machine Set-Up Operator,22183,Family Time,-
673,Travis,Stephen,M,1.94,48.4,T9307392,Mexico,"Farmer, Cash Grain",12853,Team Sports,-
674,Gross,Amanda,F,1.39,42.5,387424202,Ireland,"Supervisor, Quilting",63602,Computer Games,-
675,Bowen,Michelle,F,1.82,42.3,Y2291291,Croatia,Pattern Chart-Writer,30367,Bowling,Land Rover
676,Howell,Kenneth,M,1.62,64,691721648,Netherlands,Physical-Integration Practitioner,25388,Cooking,-
677,Hooper,Linda,F,1.45,56.4,S5890871,China,"Host/Hostess, Restaurant",11038,Theater,-
678,Preston,Gloria,F,1.78,43.4,W4707301,Italy,"Knitter, Full-Fashioned Garment",124735,Skiing,-
679,Dawson,Matthew,M,1.55,52.5,Z4551956,Lithuania,Coppersmith,25515,Bicycling,-
680,Graham,Carol,F,1.63,42.3,F3337849,Spain,Assembler-Arranger,57546,Housework,Nissan
681,Clay,Michelle,F,1.66,42.4,704492493,South Africa,Yarn-Texturing-Machine Operator Ii,175840,Team Sports,Volkswagen
682,Cook,Karen,F,1.49,44.1,H1752582,Russia,"Dispatcher, Motor Vehicle",26366,Theater,Land Rover
683,Hood,Theresa,F,1.64,56.8,N6642802,Mexico,Turkey-Roll Maker,7736,Animal Care,-
684,Gordon,Janice,F,1.53,43.5,E4179555,Australia,Stove Tender,32970,Sleeping,Lamborghini
685,Payne,Jose,M,1.94,68.7,848988754,Netherlands,Corn Cooker,24772,Team Sports,Chrysler
686,Castro,Margaret,F,1.67,51.8,K8787113,Poland,"Commanding Officer, Motorized Squad",91418,Hunting,Buick
687,Webster,Samuel,M,1.66,64.7,B0351142,Luxembourg,Exhibit Designer,101566,Going to Movies,Mercedes-Benz
688,Berry,Frances,F,1.63,44.4,Y1918539,Croatia,"Welder, Production Line",31082,Socializing,-
689,Mooney,Richard,M,1.74,67.4,044141969,Luxembourg,Track-Moving-Machine Operator,45379,Billiards,Mazda
690,Wilkerson,Diane,F,1.43,52.2,W0980185,Slovakia,Thread Separator,7780,Theater,-
691,Robinson,Terry,M,1.88,63.7,067318122,Mexico,"Farmworker, Machine",52597,Shopping,Cadillac
692,Knight,David,M,1.94,68.6,444215376,Senegal,"Inspector, Health Care Facilities",22874,Painting,Suzuki
693,Burke,Laura,F,1.53,42.3,420201056,Mexico,Repairer I,77405,Working on Cars,Fiat
694,York,Zachary,M,1.94,51.7,Z6356994,Canada,Waste-Machine Tender,33334,Billiards,Koenigsegg
695,Nieves,Ruth,F,1.54,42.3,H8931262,Luxembourg,Curator,75258,Running,GMC
696,Brown,Amy,F,1.58,42.3,784960438,Egypt,Parachute Inspector,57037,Writing,Fiat
697,Cannon,Evelyn,F,1.45,42.3,T0126626,Czechia,"Supervisor, Compressed Yeast",161957,Exercise,-
698,Buchanan,Christina,F,1.62,47.6,760024417,Latvia,"Inker, Machine",68706,Eating Out,Ferrari
699,Duffy,Joseph,M,1.94,64.5,M0407205,Brazil,Assembly Loader,214808,Socializing,Land Rover
700,Robbins,Bryan,M,1.6,53.5,347041597,Egypt,"Editor, Newspaper",35991,Eating Out,Subaru
701,Shelton,Patrick,M,1.9,68.6,M0457484,Vietnam,"Painter, Depilatory",7767,Swimming,-
702,Pugh,Lori,F,1.65,50.3,J7415243,Netherlands,Dog Licenser,33055,Going to Movies,Audi
703,Hayes,Diane,F,1.75,42.3,P6763914,Ireland,Mixer Operator I,113144,Bowling,Chevrolet
704,Guerrero,Aaron,M,1.74,70.3,E4855992,United Kingdom,"Inspector, Watch Assembly",9970,Watching Sports,-
705,Gould,Sophia,F,1.39,45.8,Y3092133,South Korea,Blindstitch-Machine Operator,34645,Billiards,-
706,Stein,Sean,M,1.55,67.6,240507614,Slovenia,Steam-Press Tender Ii,26008,Walking,-
707,Holman,Amy,F,1.5,53.7,848960729,Portugal,Gas-Leak Inspector,51657,Computer Games,Pagani
708,Cash,Sharon,F,1.45,69.7,C3616807,Belgium,"Supervisor, Record Press",89675,Going to Movies,Acura
709,Hubbard,Abigail,F,1.72,42.3,Y3521938,South Africa,Coating-Mixer Supervisor,8586,Golf,-
710,Sharpe,Ronald,M,1.94,53.7,H5000547,Cyprus,Tipple Operator,42686,Playing Cards,-
711,Huff,Austin,M,1.91,75.1,182042791,Poland,Construction-And-Maintenance Inspector,14570,Shopping,-
712,Hinton,Natalie,F,1.4,42.3,C5266734,Germany,Career-Guidance Technician,37929,Reading,Lamborghini
713,Wilson,Robert,M,1.63,72.6,484803115,Belgium,Bicycle Repairer,9762,Listening to Music,-
714,Navarro,Tyler,M,1.75,73.8,B8886822,Germany,Black Oxide Coating Equipment Tender,18566,Billiards,-
715,Pollard,Christine,F,1.69,42.3,H2078577,Russia,"Gang Sawyer, Stone",48981,Playing Music,Chrysler
716,Ayala,Juan,M,1.84,65.3,621681760,Lithuania,Shank-Piece Tacker,12600,Team Sports,-
717,Phelps,Denise,F,1.51,47,N7314984,Slovakia,Rack Loader,46262,Tennis,GMC
718,Garner,Theresa,F,1.81,52.1,357598230,Spain,Material Handler,38529,Bowling,-
719,Mayer,Justin,M,1.91,52.6,275978661,Cyprus,"Psychologist, Chief",44004,Entertaining,TATA Motors
720,Randolph,James,M,1.84,77.2,X7549055,Finland,Expediter Clerk,9500,Skiing,-
721,Stanley,Paul,M,1.93,53.8,624011754,South Africa,Inspector-Repairer,46676,Working on Cars,-
722,Mcclain,Benjamin,M,1.62,75.9,P7587973,Greece,Slitter-Creaser-Slotter Helper,8482,Billiards,-
723,Golden,Kyle,M,1.58,49.8,K6861000,Belgium,"Technician, Plant And Maintenance",7158,Exercise,-
724,Lynn,Benjamin,M,1.94,76.4,T0589766,Malta,Library Technical Assistant,30056,Hiking,-
725,Ratliff,Jessica,F,1.71,42.3,A4825184,Czechia,Bottom Presser,17581,Socializing,-
726,Lowe,Deborah,F,1.82,42.3,R3078982,India,"Travel Counselor, Automobile Club",15855,Playing Music,-
727,Rodriguez,Louis,M,1.69,57.3,064152881,Slovenia,Pulp-Drier Firer,24345,Writing,GMC
728,Peters,Judith,F,1.56,52.7,M5966275,Canada,Bead Picker,129953,Fishing,-
729,Rojas,Brian,M,1.83,88.8,521323863,India,Rough-Rice Tender,67931,Housework,Hyundai
730,Montoya,Jacqueline,F,1.67,48.9,668994291,Australia,Drivers'-Cash Clerk,8027,Writing,-
731,Stout,Marilyn,F,1.51,42.3,547655089,Japan,"Conservator, Artifacts",14818,Dancing,-
732,Jefferson,Kyle,M,1.52,61.9,296976397,Poland,Weaver Apprentice,79608,Sewing,Pagani
733,Lucas,Bruce,M,1.74,48.4,L3123370,Slovenia,Dust-Mop Maker,39304,Reading,Ram
734,Gay,Emily,F,1.49,42.3,X5181738,Canada,Break-Off Worker,152288,Walking,Pagani
735,Miller,Jeffrey,M,1.92,55.5,K5209216,Poland,Beveling-And-Edging-Machine-Operator Helper,23122,Socializing,Volkswagen
736,Christian,Gloria,F,1.64,42.3,170147987,Germany,Furnace Tender,8575,Painting,-
737,Klein,Matthew,M,1.67,57.3,581531790,Portugal,Net Washer,83197,Animal Care,Peugeot
738,Rowland,Michelle,F,1.69,43.8,007794458,Senegal,Model Maker Ii,43935,Beach,Buick
739,Bowman,Victoria,F,1.53,49.4,S3392698,Malta,Cleaner Iii,92318,Family Time,Chrysler
740,Day,Stephen,M,1.93,70.4,558147754,Netherlands,Washroom Cleaner,59897,Housework,Subaru
741,Middleton,Brittany,F,1.56,42.3,176394438,Argentina,Vacuum-Drier Tender,15649,Theater,-
742,Gomez,Ryan,M,1.91,61,156771308,Lithuania,Hat-Finishing-Materials Preparer,51411,Entertaining,-
743,Dawson,Lisa,F,1.72,44.2,A3803963,Canada,Church Volunteer,55387,Team Sports,-
744,Finley,Michael,M,1.61,74.8,Y6060677,Spain,Roll Operator I,9145,Fishing,-
745,Harmon,Ralph,M,1.9,66,B7909792,Turkey,Breaker-Up-Machine Operator,16851,Relaxing,-
746,Sexton,Jack,M,1.78,62.7,C8999725,Italy,Gear-Shaper Set-Up Operator,10316,Crafts,-
747,Howard,Edward,M,1.81,55.1,E9610838,Mexico,"Sales Agent, Business Services",83450,Housework,Nissan
748,Noel,Douglas,M,1.86,91.3,238605744,Egypt,Print Controller,25521,Theater,Fiat
749,Mooney,Margaret,F,1.49,42.3,J8441198,Lithuania,Trust Operations Assistant,33291,Theater,McLaren
750,Osborne,Dorothy,F,1.45,42.3,618146451,Spain,"Farmworker, Fruit Ii",22602,Playing Music,-
751,Cooley,Aaron,M,1.69,48.4,S6750806,Canada,Grinder Set-Up Operator,14006,Exercise,-
752,Santos,Janet,F,1.63,56.1,436625295,India,Shipwright Apprentice,7452,Housework,-
753,Bruce,Bruce,M,1.77,68.4,A2580935,France,Electronics-Research Engineer,49558,Entertaining,Buick
754,Mills,Patricia,F,1.59,58.8,145839123,Belgium,Maturity Checker,21597,Beach,-
755,Reese,Juan,M,1.85,57.5,534300719,Lithuania,Shuttle Fixer,34428,Housework,Toyota
756,Nash,Gary,M,1.75,70.5,W4388367,Russia,"Supervisor, Hand Silvering",45505,Theater,Chrysler
757,Wells,George,M,1.94,48.4,X0240738,Italy,Casing-Fluid Tender,48867,Bowling,Aston Martin
758,Bradley,Charles,M,1.94,69.3,D9735830,Germany,Brake Adjuster,42067,Watching TV,Bugatti
759,Duke,Judith,F,1.54,42.6,B9680802,Finland,Title Supervisor,61512,Listening to Music,-
760,Garrison,Harold,M,1.92,79.5,731121879,United Kingdom,Fire Inspector,48820,Dancing,-
761,Mclean,Joseph,M,1.8,53.3,Y0857091,Finland,Thermal Molder,10897,Sewing,-
762,Jarvis,Amy,F,1.82,55.7,J0332704,Austria,Feather-Curling-Machine Operator,136935,Motorcycling,-
763,Pollard,Susan,F,1.39,42.3,V6151115,Greece,"Inspector, Floor",9425,Family Time,-
764,Terrell,Kyle,M,1.64,76,A5234399,Estonia,Copywriter,128108,Gardening,Koenigsegg
765,Peters,Jeffrey,M,1.86,50,M1660143,Singapore,"Nurse, Office",19511,Swimming,-
766,Richardson,Grace,F,1.61,50,G1015484,Slovakia,Container Coordinator,7159,Horseback Riding,-
767,Ashley,Edward,M,1.73,48.4,Z7405160,Belgium,Leather Grader,54906,Sewing,Buick
768,Snider,Lawrence,M,1.91,61.8,R1033350,Germany,Level-Vial Setter,11974,Fishing,-
769,Barron,George,M,1.63,48.4,801883328,Sweden,Flat Polisher,10741,Family Time,-
770,Mcclain,Paul,M,1.64,64.8,D2181138,Lithuania,Hasher Operator,40316,Gardening,Peugeot
771,Mills,Amy,F,1.71,42.3,V3457538,Argentina,"Observer Helper, Gravity Prospecting",49473,Playing Cards,Rolls Royce
772,Keller,Timothy,M,1.94,73,W4488257,South Africa,Handle-Machine Operator,27576,Motorcycling,Pagani
773,Jones,Walter,M,1.6,67.7,017096677,Denmark,"Salesperson, Automobile Accessories",50254,Walking,Infiniti
774,Mclaughlin,Amanda,F,1.39,46.8,F5005791,Greece,Shipping And Receiving Clerk,20845,Beach,General Motors
775,Duran,Brandon,M,1.94,49.1,D2726299,Italy,Cytologist,19190,Watching Sports,-
776,Moon,Willie,M,1.94,68.2,K2870921,Portugal,Lathe Winder,81685,Family Time,-
777,Burgess,Sophia,F,1.68,42.3,T3905616,Poland,"Guard, Chief",25072,Running,-
778,Tate,Jerry,M,1.91,51.3,A8814226,Spain,Parking Lot Signaler,14084,Camping,-
779,Cook,Kevin,M,1.75,48.4,821436274,Brazil,"Recordist, Chief",8830,Writing,-
780,Bryant,Kathleen,F,1.69,48.7,181362429,Saudi Arabia,Gas-Distribution-And-Emergency Clerk,104456,Family Time,Infiniti
781,Wolfe,Hannah,F,1.74,55.3,P9051671,Italy,Machine-Clothing Replacer,73720,Dancing,Dodge
782,Pace,Hannah,F,1.45,43,Z8840650,Sweden,Oven Tender,43467,Golf,Ferrari
783,Atkinson,Joyce,F,1.48,56.8,505989275,Saudi Arabia,Cigar Inspector,10109,Bowling,-
784,Suarez,Samuel,M,1.75,57.6,J8256559,South Korea,Physiologist,19349,Shopping,-
785,French,Carol,F,1.82,46.8,X6984645,Slovakia,Spout Tender I,23538,Sleeping,-
786,Franco,Natalie,F,1.53,42.3,443726294,Italy,Brim-And-Crown Presser,6790,Writing,-
787,Humphrey,Tyler,M,1.68,48.6,H7891538,Romania,Venetian-Blind Cleaner And Repairer,187142,Sewing,Jeep
788,Calderon,Zachary,M,1.75,75.7,O8354175,Argentina,Lather Apprentice,21630,Watching TV,Renault
789,Garrison,Jason,M,1.58,56.9,E4171624,India,"Pinsetter Mechanic, Automatic",9825,Team Sports,-
790,West,Diane,F,1.82,52,851943345,Germany,"Sales Representative, Pressure-Sensitive Tape",8994,Listening to Music,-
791,Le,Grace,F,1.82,44.4,118464283,Hungary,"Inspector, Hairspring Truing",35853,Cooking,Jaguar
792,Rush,Randy,M,1.94,56.7,453415806,Netherlands,Feather-Cutting-Machine Feeder,21633,Computer Games,-
793,Hebert,Amy,F,1.77,42.3,005207178,India,"Miller Helper, Distillery",7555,Animal Care,-
794,Gibbs,Jennifer,F,1.51,44.4,648661175,Estonia,"Steward/Stewardess, Wine",77432,Billiards,Honda
795,Klein,Noah,M,1.94,72.7,351827663,Slovenia,Photo Mask Processor,8785,Bicycling,-
796,Riddle,Steven,M,1.52,58.1,832987666,Singapore,"Drafter, Marine",56286,Camping,General Motors
797,Mayo,Roger,M,1.78,77.4,757108457,India,Band-Saw Operator,108434,Sleeping,Cadillac
798,Madden,Alan,M,1.52,71.3,G3182190,Spain,"Supervisor, Rides",50558,Hunting,Kia
799,Peters,Olivia,F,1.57,44.4,J2465372,China,"Line Tender, Flakeboard",45753,Billiards,-
800,Ball,Roger,M,1.73,53.4,R0938117,India,Substation Inspector,160948,Theater,Jaguar
801,Christensen,Lori,F,1.5,42.3,V2269419,Netherlands,Rotogravure-Press Operator,26698,Beach,-
802,Reid,Noah,M,1.94,61.9,Y7502696,Austria,Data Entry,12289,Hunting,-
803,Huff,Joan,F,1.68,60.8,379116847,Egypt,Armor Reconnaissance Specialist,8256,Listening to Music,-
804,Higgins,Henry,M,1.89,79,W0424910,China,Stock Patcher,41644,Camping,-
805,Frost,Nicholas,M,1.7,83,294874463,Portugal,Tip Printer,17323,Listening to Music,-
806,Harmon,Sara,F,1.39,46.9,182479991,Vietnam,Knife Operator,9923,Entertaining,-
807,Massey,Sara,F,1.82,42.3,437762123,Italy,Cardboard Inserter,20275,Going to Movies,Dodge
808,Cunningham,Logan,M,1.86,64.4,091470814,China,"Polisher, Dial",7917,Crafts,-
809,Ross,Kathleen,F,1.71,45.3,664272727,Turkey,Rounding-Machine Operator,30263,Computer Games,Geely
810,Terrell,Nicole,F,1.45,42.9,Q1294642,Denmark,Animal Shelter Manager,37503,Exercise,-
811,Melendez,Christian,M,1.62,48.4,R0524915,Japan,Gas-Meter Prover,26232,Tennis,Cadillac
812,Yang,Louis,M,1.94,60.2,Z2930204,Brazil,Dowel-Machine Operator,48543,Painting,Saab
813,Waters,Abigail,F,1.79,44.1,192128224,France,Mill Supervisor,39897,Reading,Subaru
814,Wade,Kevin,M,1.83,64.2,G3567192,Hungary,Electrical-Installation Supervisor,47795,Watching Sports,-
815,Jackson,Roy,M,1.94,77.8,T0641838,Hungary,"Supervisor, Pig-Machine",6279,Dancing,-
816,Baird,Jonathan,M,1.91,48.4,G5004934,Argentina,Puller-Through,20184,Reading,Subaru
817,Lowe,Thomas,M,1.87,48.4,R6920966,Australia,Pipe Fitter,47670,Traveling,Ram
818,Kerr,Albert,M,1.93,85,V6801459,Senegal,Mains-And-Service Supervisor,44140,Walking,Porsche
819,Chavez,Frank,M,1.52,77.8,Z5022160,United Kingdom,Industrial-Gas Fitter,20292,Theater,-
820,Manning,Lisa,F,1.5,42.5,270591967,Japan,Steam-Press Tender,15148,Billiards,-
821,Mcclure,Pamela,F,1.49,48,W6674456,United Kingdom,"Pipe Fitter, Diesel Engine I",19748,Entertaining,-
822,Ellison,Dennis,M,1.7,60.9,E7105251,Luxembourg,Staple Cutter,91198,Swimming,General Motors
823,Howell,Jordan,M,1.94,74.2,D2059277,China,Lead Caster,11212,Playing Cards,-
824,Warren,Ashley,F,1.56,42.3,631658800,Netherlands,Bobbin Presser,89081,Horseback Riding,Jeep
825,Atkinson,Debra,F,1.51,47.9,O9396762,Chile,"Kennel Manager, Dog Track",95610,Crafts,Jaguar
826,Torres,Jessica,F,1.6,44.8,C8132008,Bulgaria,"Buffing-Wheel Former, Hand",16049,Cooking,-
827,Waller,Juan,M,1.94,60.6,N0944360,Indonesia,Computer Peripheral Equipment Operator,36365,Motorcycling,Bentley
828,Spears,Diana,F,1.69,52.7,U3195637,United States of America,Hostler,46845,Family Time,-
829,Franks,Ronald,M,1.78,48.4,050413438,Italy,"Farmer, Fruit Crops, Bush And Vine",10105,Socializing,-
830,Rojas,Angela,F,1.42,43.2,212259327,Vietnam,Lamination Assembler,34416,Billiards,Tesla
831,Brady,Jerry,M,1.82,56.7,W5440137,Malta,"Marker, Hand",140645,Golf,TATA Motors
832,Travis,Theresa,F,1.59,42.3,A7502417,France,Terrazzo-Tile Maker,194194,Billiards,Tesla
833,Nguyen,Catherine,F,1.8,42.3,740840726,Egypt,"Editor, Publications",125308,Theater,Mitsubishi
834,Mcleod,Bryan,M,1.94,64.8,E3072127,Finland,"Oceanographer, Assistant",79543,Writing,Ford
835,Price,Benjamin,M,1.94,57.2,269583684,Spain,Leather Coater,13687,Motorcycling,-
836,Blankenship,Doris,F,1.57,44.5,B1149846,France,Order Filler,84382,Gardening,Ford
837,Dawson,Robert,M,1.84,65.7,A2283309,Austria,Order Detailer,126616,Cooking,-
838,Raymond,Harold,M,1.61,64.2,383852343,United Kingdom,Stove Refinisher,10634,Team Sports,-
839,Wilkerson,Steven,M,1.91,82.5,K6302970,United Kingdom,"Glass Grinder, Laboratory Apparatus",16456,Shopping,-
840,Henderson,Theresa,F,1.76,43.5,O9564396,Poland,Drum-Drier Operator,70847,Running,Chrysler
841,Parsons,Eugene,M,1.94,54.6,D1026745,South Africa,Leather Tooler,32860,Golf,Saab
842,Parrish,Ethan,M,1.94,53.5,M7029230,Spain,"Roaster, Grain",34483,Hunting,Koenigsegg
843,Blanchard,Rebecca,F,1.72,42.4,R8870459,Brazil,Creping-Machine Operator,9355,Cooking,-
844,Shepard,Christopher,M,1.94,65.5,874448901,Germany,Forming-Machine Upkeep Mechanic,39613,Computer Games,Koenigsegg
845,Barr,William,M,1.52,48.4,675503290,Greece,"Brim Ironer, Hand",87797,Animal Care,-
846,Powers,Victoria,F,1.6,48.6,562286245,Indonesia,"Inspector, Furniture Decals",24743,Theater,Lexus
847,Parks,Walter,M,1.86,54.5,Z4943817,Italy,Street-Light Repairer,29046,Animal Care,General Motors
848,Holder,Lori,F,1.6,42.3,525781755,Ireland,Hospital-Insurance Representative,10288,Bowling,-
849,Glass,Theresa,F,1.4,50.4,N2222052,Denmark,Chucking-Machine Set-Up Operator,30434,Boating,Subaru
850,Christensen,George,M,1.93,48.4,I7278716,Slovakia,Derrick Operator,44611,Gardening,Aston Martin
851,Ray,Sean,M,1.94,48.4,H5281681,Italy,Mold Presser,19901,Gardening,-
852,Oneal,Vincent,M,1.68,53.3,G1456484,Italy,"Supervisor, Swimming-Pool Maintenance",39983,Shopping,Citroen
853,Davidson,Sara,F,1.79,46.9,J2589524,Czechia,Illustrator,23996,Painting,Renault
854,Underwood,Nicole,F,1.48,57.4,405745663,Greece,Mottler Operator,47768,Watching TV,-
855,Mcdowell,Jeremy,M,1.61,58.1,A6614360,Turkey,Cotton Washer,8224,Beach,-
856,Wilson,Danielle,F,1.51,48.6,870072421,France,Engineer,21026,Watching Sports,-
857,Fernandez,Ashley,F,1.73,42.3,Z1284349,Austria,Installer,31749,Running,Acura
858,Barlow,Margaret,F,1.64,42.3,327481573,Russia,"Library Clerk, Talking Books",18349,Beach,-
859,Norton,Ashley,F,1.64,42.3,841517960,Japan,Round-Corner-Cutter Operator,75743,Playing Music,-
860,Everett,Samuel,M,1.85,48.4,107319604,Cyprus,"Edger, Touch-Up",11346,Theater,-
861,Hudson,Kathleen,F,1.62,44.4,M7833040,Greece,Credit Authorizer,7750,Billiards,-
862,Erickson,Deborah,F,1.39,42.3,M1522522,Latvia,Girdler,36003,Bowling,-
863,Barton,Christina,F,1.58,46.1,V7165963,Argentina,Health Physicist,18640,Playing Music,-
864,Fisher,Jason,M,1.68,58.5,743145069,Bulgaria,Sales Correspondent,33540,Writing,Jeep
865,Russell,Douglas,M,1.61,58.5,L1371250,Saudi Arabia,"Filer, Finish",100479,Skiing,-
866,Mayo,Debra,F,1.61,52.9,J0950926,Spain,Barrel-Rib Matting-Machine Operator,13804,Computer Games,-
867,Randall,Linda,F,1.57,42.3,K1658775,Netherlands,Petroleum-Inspector Supervisor,58692,Cooking,Fiat
868,Rosa,Ralph,M,1.63,48.4,358938693,Greece,Mat-Machine Operator,9140,Playing Cards,-
869,Riley,Louis,M,1.81,54.3,546103881,Italy,Artificial-Candy Maker,14475,Skiing,-
870,Hines,Keith,M,1.82,69.4,S6851933,Mexico,Coating-Mixer Supervisor,16442,Hunting,-
871,Russo,Jason,M,1.7,66.1,W3664993,Russia,"Inspector, Toys",48992,Working on Cars,Lamborghini
872,Mason,William,M,1.94,48.4,H6466878,Greece,"Channel Opener, Outsoles",102690,Sleeping,Cadillac
873,Conway,John,M,1.64,68.2,J2806401,Finland,"End Finder, Twisting Department",26881,Tennis,Toyota
874,Tyson,Charles,M,1.94,63.7,X0898596,Belgium,Oriental-Rug Repairer,59027,Bowling,Toyota
875,Clements,Heather,F,1.39,58.3,X0367538,Spain,"Supervisor, Pumping",10284,Running,-
876,Delgado,Walter,M,1.84,60.2,T6882193,Austria,Trust-Vault Clerk,14253,Relaxing,-
877,Mcclure,Wayne,M,1.94,55.5,A6792860,Czechia,"Straw Hat Presser, Machine",61727,Watching TV,-
878,Hopper,Eric,M,1.64,75.6,M7367170,Croatia,Casting-Operator Helper,12649,Bowling,-
879,Holloway,Ralph,M,1.73,62.9,P1010327,Italy,"Broker-And-Market Operator, Grain",10648,Eating Out,-
880,Mason,Lisa,F,1.54,50.1,135980291,United Kingdom,"Supervisor, Identification And Communications",55899,Shopping,Peugeot
881,Maddox,Dennis,M,1.66,73.7,613680277,Egypt,Accountant,40548,Housework,-
882,Lewis,Alan,M,1.58,81.3,Q6252270,Czechia,"Armature-Winder Helper, Repair",20171,Tennis,-
883,Forbes,Bryan,M,1.85,59.9,Z3993592,Italy,Chef,53226,Watching Sports,Ram
884,Brady,Gabriel,M,1.84,62.5,235400841,Netherlands,Cell Inspector,35031,Watching TV,GMC
885,Burton,Jeffrey,M,1.75,73.8,D7969996,Greece,Monument Setter,20053,Shopping,Lexus
886,Estrada,Angela,F,1.65,47.5,W2743811,Egypt,"Press Feeder, Broomcorn",38846,Team Sports,-
887,Owens,Sandra,F,1.52,42.3,J5754071,China,Dairy-Processing-Equipment Operator,35403,Fishing,-
888,Reeves,Arthur,M,1.56,82.9,Y6411404,Bulgaria,"Nurse, Infection Control",78410,Going to Movies,Ram
889,Cobb,Beverly,F,1.51,46.3,027052579,Denmark,"Lapel Padder, Blindstitch",9120,Going to Movies,-
890,Trevino,Richard,M,1.59,66.8,554660699,Netherlands,"Boat Buffer, Plastic",66886,Bicycling,Pagani
891,Benson,Stephen,M,1.72,72.5,Z8245179,Australia,Truck-Body Builder,57174,Going to Movies,Saab
892,Mcdowell,Benjamin,M,1.94,48.4,V6062046,Canada,"Instructor, Painting",30978,Golf,Cadillac
893,Ballard,Timothy,M,1.94,72.8,L3192794,Ireland,Cracking-And-Fanning-Machine Operator,18199,Sleeping,-
894,Riddle,Cynthia,F,1.55,48.1,A4659867,Chile,Flight-Test Data Acquisition Technician,45135,Camping,TATA Motors
895,Mcdowell,Jack,M,1.92,60.4,I0295003,United States of America,"Machinist, Experimental",96957,Painting,Koenigsegg
896,Salinas,Russell,M,1.68,59.1,L9176971,South Korea,Ginner,22674,Computer Games,BMW
897,Ballard,Matthew,M,1.94,78.1,137455720,Luxembourg,Automatic-Wheel-Line Operator,49717,Billiards,Koenigsegg
898,Roberts,Jacob,M,1.94,58.7,620318446,Saudi Arabia,Central-Office-Operator Supervisor,36310,Painting,BMW
899,Castaneda,Ruth,F,1.62,42.3,A5074590,Cyprus,"Supervisor, Aircraft Cleaning",8379,Dancing,-
900,Gray,Frank,M,1.76,63.9,346272118,Malta,Assembly Supervisor,44357,Hunting,Nissan
901,Stevenson,Janet,F,1.53,50.7,F3080052,Croatia,Sole-Conforming-Machine Operator,59470,Beach,-
902,Leon,Stephanie,F,1.43,42.3,X1470143,Malta,Engineering Technician,137891,Going to Movies,-
903,Young,Henry,M,1.94,63.4,G6267565,Estonia,Ribbon Winder,154333,Writing,Alfa Romeo
904,Rosa,Bryan,M,1.72,80,Q3542408,Australia,Shuttle Hand,39100,Listening to Music,Audi
905,Rosales,Katherine,F,1.49,63.7,S5977459,Singapore,Tinning-Equipment Tender,31379,Reading,Mitsubishi
906,Mccoy,Michelle,F,1.61,42.3,649914966,Germany,"Usher, Head",35841,Playing Music,GMC
907,Gill,Rebecca,F,1.81,52.6,103141072,Austria,Ticketing Clerk,17412,Animal Care,-
908,Nixon,Janet,F,1.71,42.3,751763738,Cyprus,Curtain-Stretcher Assembler,25290,Skiing,Rolls Royce
909,Delaney,Jeffrey,M,1.81,58.4,217296631,Italy,Tip Printer,10867,Bowling,-
910,Kerr,Ann,F,1.77,42.3,544350684,Italy,Stucco Mason,129528,Tennis,Bentley
911,Franks,John,M,1.94,63.3,B2168597,Bulgaria,"Spring-Repairer Helper, Hand",13145,Playing Music,-
912,Morrison,Carl,M,1.89,52.8,611669150,Netherlands,Seedling Puller,7950,Shopping,-
913,Horn,Stephen,M,1.94,59.4,Q7753687,Poland,Rotary-Drier Feeder,76476,Listening to Music,Cadillac
914,Russo,Justin,M,1.94,54.1,E8858002,Germany,"Reclamation Kettle Tender, Metal",10738,Theater,-
915,Bryant,Kenneth,M,1.94,74.1,111375797,Malta,"Supervisor, Travel-Information Center",24562,Watching TV,Koenigsegg
916,Jackson,Kathryn,F,1.59,61.3,438670378,Saudi Arabia,"Molder, Hand",123680,Socializing,-
917,Carr,Jeremy,M,1.7,61.3,124169784,Senegal,Armor Reconnaissance Specialist,60484,Writing,Lexus
918,Newman,Sandra,F,1.82,48,055924819,South Korea,Bird-Cage Assembler,52254,Motorcycling,Maserati
919,Logan,Rebecca,F,1.54,44.9,745281038,Malta,Forester,18888,Boating,-
920,Wright,Judith,F,1.48,42.3,I5772821,India,"Packager, Hand",20000,Running,Volkswagen
921,Crosby,Julie,F,1.79,47.5,Q8134735,Bulgaria,Lace-Paper-Machine Operator,139227,Animal Care,Ferrari
922,Horne,Brian,M,1.83,67.7,W0410421,Australia,Pressure Supervisor,7410,Sleeping,-
923,Melendez,Willie,M,1.68,53.4,G7775650,Singapore,Springer,17262,Playing Cards,-
924,Fletcher,Christine,F,1.76,42.3,761699368,Italy,Central-Office Equipment Engineer,32356,Animal Care,Mercedes-Benz
925,Oneal,Ashley,F,1.78,42.3,128539417,Italy,Perforating-Machine Operator,121686,Family Time,Kia
926,Nolan,Zachary,M,1.52,48.4,479452113,Denmark,Bridge Inspector,7856,Writing,-
927,Wooten,William,M,1.66,70.5,B7524733,Finland,Valve Repairer,20600,Camping,Rolls Royce
928,Mays,Louis,M,1.78,59.5,295943633,Germany,"Assembler, Billiard-Table",37129,Entertaining,Aston Martin
929,Whitaker,Willie,M,1.88,50.8,M9437426,Australia,Bottoming-Machine Operator,152594,Team Sports,Hyundai
930,Ramsey,Anna,F,1.45,42.3,086995336,Egypt,Wire Preparation Machine Tender,88106,Socializing,Pagani
931,Alexander,Lisa,F,1.75,43.5,W5812040,Germany,Pot Tender,9657,Hunting,-
932,Brooks,Christina,F,1.46,44.3,238445514,Japan,Stacker Tender,15900,Family Time,-
933,Holman,Bruce,M,1.8,63.8,C9529903,Brazil,Hair-Boiler Operator,38318,Golf,-
934,Murphy,Carol,F,1.39,48.7,L1875800,Lithuania,"Desk Clerk, Bowling Floor",9080,Family Time,-
935,Parsons,Emily,F,1.61,45.2,K1019463,Italy,"Supervisor, Production Clerks",44303,Tennis,-
936,Key,Arthur,M,1.92,82.3,532961630,United Kingdom,Crystallizer Operator,116733,Exercise,-
937,Matthews,Ethan,M,1.52,79,036283027,Egypt,Motorcycle Subassembler,69108,Painting,-
938,Lynn,Carolyn,F,1.52,42.3,W4657722,Australia,Shipping Checker,106766,Skiing,Ferrari
939,Herring,Julie,F,1.58,42.3,582818137,Austria,Pastry Chef,41755,Tennis,Citroen
940,Gutierrez,Kayla,F,1.51,53.3,161484373,Portugal,"Bow Maker, Production",19079,Hiking,-
941,Noel,Ruth,F,1.46,42.3,U4674756,Saudi Arabia,Yardage-Control Clerk,40314,Working on Cars,-
942,Noble,Betty,F,1.54,57.8,P1755638,Indonesia,Classifier,21963,Crafts,Mazda
943,Oneal,Linda,F,1.63,42.3,A0137725,Mexico,"Inspector, Cold Working",34029,Beach,GMC
944,Vincent,Justin,M,1.73,54.1,Q2939189,Belgium,Slime-Plant Operator Ii,26012,Dancing,Infiniti
945,Gibson,James,M,1.93,68.2,505768165,Lithuania,Property-Assessment Monitor,62594,Hunting,-
946,Macias,Jose,M,1.86,48.6,X1889422,Lithuania,"Sales Representative, Leather Goods",28431,Bowling,Suzuki
947,Valdez,Juan,M,1.87,48.4,Y1998361,Japan,Tape-Folding-Machine Operator,39171,Eating Out,Mitsubishi
948,Hughes,Joshua,M,1.86,48.4,Q3668692,Chile,Fur-Glazing-And-Polishing-Machine Operator,15979,Shopping,-
949,Hammond,Harold,M,1.82,53.9,S9655045,Indonesia,Museum Technician,130986,Boating,Acura
950,Cleveland,Alexander,M,1.81,70,164312237,United States of America,"Dispatcher, Ship Pilot",32673,Motorcycling,Mini
951,Martin,Dennis,M,1.76,69.2,863118256,Mexico,Audiovisual Production Specialist,44835,Walking,-
952,Moses,Ashley,F,1.61,47.9,Z9154267,Austria,Fish-Machine Feeder,17065,Walking,-
953,Daniel,Bobby,M,1.92,76.2,589817260,Czechia,Molasses And Caramel Operator,64346,Working on Cars,Suzuki
954,Anthony,Daniel,M,1.85,59.2,640419189,Czechia,Cabinet Assembler,35535,Crafts,Alfa Romeo
955,Durham,Anna,F,1.57,42.3,O1279234,Czechia,"Supervisor, Clay Shop",69099,Crafts,-
956,Moreno,Emily,F,1.82,44.9,G2808761,India,Dog Catcher,27443,Team Sports,-
957,Lancaster,Susan,F,1.53,43.2,X9631260,Slovakia,Oven-Press Tender I,23882,Golf,Chevrolet
958,Suarez,Ryan,M,1.94,81.9,712714815,South Africa,"Screen Maker, Photographic Process",21562,Beach,-
959,Bullock,Samuel,M,1.81,66.7,R8711838,Australia,"Pleater, Hand",49342,Gardening,Pagani
960,Pacheco,Rebecca,F,1.41,44.9,740309195,Netherlands,Continuity Director,12903,Eating Out,-
961,Barnes,Danielle,F,1.39,42.3,Z7477876,Romania,Film Critic,37181,Animal Care,Maserati
962,Rivas,Danielle,F,1.6,44.2,B2803632,Finland,Machine Operator Ii,43596,Playing Cards,Porsche
963,Haley,Catherine,F,1.82,48,F0881841,Vietnam,Corner-Trimmer Operator,130050,Boating,-
964,Obrien,Keith,M,1.94,48.4,342371854,Italy,Primer-Inserting-Machine Operator,14528,Playing Cards,-
965,Hines,Melissa,F,1.71,48.9,K6640284,Luxembourg,Exercise Physiologist,177223,Painting,Ferrari
966,Marshall,Jason,M,1.55,81.8,673841372,United Kingdom,Cryptographic-Machine Operator,22055,Reading,Renault
967,Humphrey,Dorothy,F,1.59,59.4,194403981,Bulgaria,Host/Hostess,9736,Dancing,-
968,Puckett,Raymond,M,1.87,50.4,744961813,Italy,"Filer, Hand, Tool",56311,Hunting,Maserati
969,Mcbride,Patricia,F,1.47,42.3,S0702068,Finland,Oven Dauber,67471,Playing Cards,Mini
970,Padilla,Shirley,F,1.47,50,C7142427,Croatia,"Supervisor, Hearing-Aid Assembly",25827,Watching Sports,Porsche
971,Robinson,Susan,F,1.58,42.3,473396932,Argentina,Stone Trimmer,59767,Traveling,Maserati
972,Coffey,Kathleen,F,1.72,42.3,758494051,Poland,Carbon Rod Inserter,8470,Gardening,-
973,Robles,Zachary,M,1.9,48.4,853941198,Ireland,"Supervisor, Tank Storage",21726,Billiards,Honda
974,Nielsen,Diane,F,1.59,42.3,M6401831,Poland,Yeast-Fermentation Attendant,37971,Playing Cards,-
975,Wilcox,Jacob,M,1.86,86.3,553539642,Russia,Sales Representative,32796,Golf,Mazda
976,Decker,Larry,M,1.92,54.6,205948446,France,Buckle-Strap-Drum Operator,23322,Playing Cards,TATA Motors
977,Lloyd,Nicole,F,1.52,44.2,C4618742,Czechia,Hydrate-Control Tender,65488,Sewing,-
978,Cooley,Megan,F,1.58,49.9,327140922,Poland,Felt Hanger,27143,Watching Sports,Cadillac
979,Best,Bruce,M,1.7,48.4,I9179510,Greece,Mains-And-Service Supervisor,16485,Cooking,-
980,Irwin,Wayne,M,1.76,61.5,P2381228,Netherlands,"Setter, Juice Packaging Machines",25178,Cooking,Peugeot
981,Berger,Charles,M,1.71,48.5,H0291618,Canada,Tree Planter,151686,Going to Movies,Fiat
982,Solomon,Dennis,M,1.63,48.4,Y1359657,Indonesia,Translator,91323,Crafts,Fiat
983,Fitzpatrick,Alice,F,1.82,45.5,Q4286930,Greece,"Calciner, Gypsum",10313,Relaxing,-
984,Kerr,Alexis,F,1.82,44.4,174233128,Luxembourg,"Supervisor, Gelatin Plant",7039,Working on Cars,-
985,Donaldson,Judy,F,1.61,54.9,S1770748,Poland,"Supervisor, Rug Cleaning",22261,Boating,-
986,English,Bobby,M,1.94,59.8,Z3506002,Estonia,Test Fixture Designer,10731,Animal Care,-
987,Montgomery,Joan,F,1.59,44.7,507914398,Chile,Jewel Stringer,41656,Reading,Jaguar
988,Erickson,Judith,F,1.77,42.3,X3495020,Czechia,Compound-Coating-Machine Offbearer,66641,Gardening,Mini
989,Bradford,Janet,F,1.58,57.5,P9286431,Spain,Gelatin-Dynamite-Packing Operator,9431,Traveling,-
990,Roman,Heather,F,1.72,44.1,C6641946,United Kingdom,"Clerk, Telegraph Service",22685,Exercise,General Motors
991,Perkins,Joshua,M,1.78,48.4,F0334635,Turkey,Catcher,41524,Billiards,-
992,Levy,Nathan,M,1.84,79.3,519607406,Slovakia,Clamp Remover,25664,Sleeping,Subaru
993,Bullock,Gary,M,1.8,62.2,110449561,Slovakia,Lime Slaker,38052,Family Time,Tesla
994,Fischer,Jeremy,M,1.79,57.1,660815418,Germany,Poultry-Picking Machine Tender,114841,Beach,Fiat
995,Harvey,Amanda,F,1.58,50.1,O0230011,Netherlands,Mill Attendant Ii,12976,Gardening,-
996,David,Stephanie,F,1.39,50.1,R5685024,Spain,Racker,24629,Golf,Citroen
997,Mccarty,Michelle,F,1.74,48.8,R6681355,Netherlands,"Coater Operator, Insulation Board",17842,Watching TV,-
998,Silva,Rachel,F,1.64,43.3,V7471745,Greece,Cloth Printer,50194,Fishing,-
999,Williams,Joe,M,1.94,74.2,T0538321,Luxembourg,Tabber,13987,Hiking,-
1000,Olson,Larry,M,1.94,72.1,L8359502,Italy,Tape-Recorder Repairer,58766,Bowling,Mitsubishi
